pdb,chain,wtAA,mutAA,mutPos,ddG,id
1A0F,A,S,A,11,1.8,1A0F_A_S11A
1A7V,A,A,H,104,2.69,1A7V_A_A104H
1A7V,A,A,H,66,1.98,1A7V_A_A66H
1A7V,A,A,H,91,1.7,1A7V_A_A91H
1A7V,A,D,H,3,1.36,1A7V_A_D3H
1A7V,A,D,H,58,2.05,1A7V_A_D58H
1A7V,A,E,H,73,3.01,1A7V_A_E73H
1A7V,A,K,H,13,0.6,1A7V_A_K13H
1A7V,A,K,H,20,2.88,1A7V_A_K20H
1A7V,A,K,H,31,1.36,1A7V_A_K31H
1A7V,A,K,H,39,1.86,1A7V_A_K39H
1A7V,A,K,H,49,2.02,1A7V_A_K49H
1A7V,A,K,H,84,2.88,1A7V_A_K84H
1A7V,A,K,H,97,1.97,1A7V_A_K97H
1BA3,A,H,D,461,1.745,1BA3_A_H461D
1BA3,A,H,D,489,-0.287,1BA3_A_H489D
1BA3,A,H,K,489,0.287,1BA3_A_H489K
1BA3,A,H,M,489,0.263,1BA3_A_H489M
1BFM,A,M,W,35,0.7,1BFM_A_M35W
1BFM,A,M,Y,35,0.4,1BFM_A_M35Y
1BNL,A,D,A,76,0.821,1BNL_A_D76A
1D5G,A,H,Y,71,0.04,1D5G_A_H71Y
1D5G,A,I,F,20,-0.91,1D5G_A_I20F
1DIV,A,D,A,23,0.46,1DIV_A_D23A
1DIV,A,D,N,23,0.58,1DIV_A_D23N
1DIV,A,D,N,8,0.3,1DIV_A_D8N
1DIV,A,E,A,100,0.98,1DIV_A_E100A
1DIV,A,E,G,100,1.52,1DIV_A_E100G
1DIV,A,E,Q,17,0.21,1DIV_A_E17Q
1DIV,A,E,Q,38,0.56,1DIV_A_E38Q
1DIV,A,E,Q,48,-0.03,1DIV_A_E48Q
1DIV,A,E,Q,54,-0.33,1DIV_A_E54Q
1DIV,A,H,Q,106,1.53,1DIV_A_H106Q
1DIV,A,H,Q,134,0.34,1DIV_A_H134Q
1DIV,A,H,Q,144,0.56,1DIV_A_H144Q
1DIV,A,I,A,115,3.52,1DIV_A_I115A
1DIV,A,I,A,121,2.88,1DIV_A_I121A
1DIV,A,I,A,4,2.22,1DIV_A_I4A
1DIV,A,I,V,4,0.59,1DIV_A_I4V
1DIV,A,I,A,79,3.49,1DIV_A_I79A
1DIV,A,I,A,93,3.19,1DIV_A_I93A
1DIV,A,I,A,98,4.28,1DIV_A_I98A
1DIV,A,K,M,10,-0.05,1DIV_A_K10M
1DIV,A,K,M,14,-0.01,1DIV_A_K14M
1DIV,A,K,M,15,0.31,1DIV_A_K15M
1DIV,A,K,M,7,-0.35,1DIV_A_K7M
1DIV,A,K,A,96,-0.61,1DIV_A_K96A
1DIV,A,K,G,96,0.2,1DIV_A_K96G
1DIV,A,L,A,102,2.37,1DIV_A_L102A
1DIV,A,L,A,108,2.33,1DIV_A_L108A
1DIV,A,L,A,110,3.21,1DIV_A_L110A
1DIV,A,L,A,117,0.82,1DIV_A_L117A
1DIV,A,L,A,133,2.94,1DIV_A_L133A
1DIV,A,L,A,141,3.56,1DIV_A_L141A
1DIV,A,L,A,30,2.76,1DIV_A_L30A
1DIV,A,L,V,30,3.62,1DIV_A_L30V
1DIV,A,L,A,6,3.1,1DIV_A_L6A
1DIV,A,L,I,6,0.13,1DIV_A_L6I
1DIV,A,L,V,6,0.41,1DIV_A_L6V
1DIV,A,L,A,72,3.77,1DIV_A_L72A
1DIV,A,M,A,1,1.46,1DIV_A_M1A
1DIV,A,M,G,1,2.36,1DIV_A_M1G
1DIV,A,V,A,129,1.81,1DIV_A_V129A
1DIV,A,V,A,131,1.93,1DIV_A_V131A
1DIV,A,V,A,137,2.41,1DIV_A_V137A
1DIV,A,V,A,143,3.25,1DIV_A_V143A
1DIV,A,V,A,145,1.92,1DIV_A_V145A
1DIV,A,V,A,21,2.33,1DIV_A_V21A
1DIV,A,V,I,21,0.4,1DIV_A_V21I
1DIV,A,V,L,21,1.23,1DIV_A_V21L
1DIV,A,V,A,3,2.55,1DIV_A_V3A
1DIV,A,V,I,3,0.31,1DIV_A_V3I
1DIV,A,V,L,3,2.21,1DIV_A_V3L
1DXX,A,K,N,18,3.7,1DXX_A_K18N
1EKG,A,L,C,198,1,1EKG_A_L198C
1EKG,A,L,C,200,2,1EKG_A_L200C
1EKG,A,L,C,203,-1,1EKG_A_L203C
1EKG,A,S,F,181,2.6,1EKG_A_S181F
1F8I,A,F,A,345,0.455,1F8I_A_F345A
1FH5,H,S,N,18,-0.6,1FH5_H_S18N
1FRD,A,H,R,42,-4,1FRD_A_H42R
1FT8,A,I,V,264,0.64,1FT8_A_I264V
1FT8,A,L,V,212,1.38,1FT8_A_L212V
1FT8,A,L,I,238,0.35,1FT8_A_L238I
1FT8,A,L,I,267,0.11,1FT8_A_L267I
1FT8,A,L,I,293,0.8,1FT8_A_L293I
1FT8,A,L,V,293,1.41,1FT8_A_L293V
1FT8,A,L,A,315,1.65,1FT8_A_L315A
1FT8,A,L,I,317,0.85,1FT8_A_L317I
1FT8,A,L,I,348,0.53,1FT8_A_L348I
1FT8,A,L,I,349,-0.05,1FT8_A_L349I
1FT8,A,M,L,216,-0.27,1FT8_A_M216L
1FT8,A,S,A,339,-0.32,1FT8_A_S339A
1FT8,A,V,A,287,0.16,1FT8_A_V287A
1FXA,A,E,D,94,1.1,1FXA_A_E94D
1FXA,A,E,K,94,0.4,1FXA_A_E94K
1FXA,A,E,Q,94,-0.6,1FXA_A_E94Q
1FXA,A,E,K,95,-1,1FXA_A_E95K
1FXA,A,F,A,65,1,1FXA_A_F65A
1FXA,A,F,I,65,0.9,1FXA_A_F65I
1FXA,A,F,W,65,0.6,1FXA_A_F65W
1FXA,A,F,Y,65,0.5,1FXA_A_F65Y
1FXA,A,R,A,42,2.4,1FXA_A_R42A
1FXA,A,R,H,42,1.4,1FXA_A_R42H
1FXA,A,T,A,48,-0.1,1FXA_A_T48A
1G3P,A,A,K,147,0.287,1G3P_A_A147K
1G3P,A,D,A,160,0.263,1G3P_A_D160A
1G3P,A,D,C,160,0.096,1G3P_A_D160C
1G3P,A,D,E,160,0.359,1G3P_A_D160E
1G3P,A,D,F,160,0.359,1G3P_A_D160F
1G3P,A,D,G,160,0.669,1G3P_A_D160G
1G3P,A,D,H,160,-0.048,1G3P_A_D160H
1G3P,A,D,I,160,0.932,1G3P_A_D160I
1G3P,A,D,K,160,0.335,1G3P_A_D160K
1G3P,A,D,L,160,0.55,1G3P_A_D160L
1G3P,A,D,M,160,0.502,1G3P_A_D160M
1G3P,A,D,N,160,-0.072,1G3P_A_D160N
1G3P,A,D,P,160,0.645,1G3P_A_D160P
1G3P,A,D,Q,160,0.478,1G3P_A_D160Q
1G3P,A,D,R,160,0.669,1G3P_A_D160R
1G3P,A,D,S,160,0.287,1G3P_A_D160S
1G3P,A,D,T,160,0.741,1G3P_A_D160T
1G3P,A,D,V,160,1.123,1G3P_A_D160V
1G3P,A,D,W,160,0.167,1G3P_A_D160W
1G3P,A,D,Y,160,0.072,1G3P_A_D160Y
1G3P,A,F,V,136,3.705,1G3P_A_F136V
1G3P,A,N,G,138,-0.765,1G3P_A_N138G
1G3P,A,N,K,139,0.43,1G3P_A_N139K
1G3P,A,N,V,139,2.032,1G3P_A_N139V
1G3P,A,Q,N,137,1.793,1G3P_A_Q137N
1G3P,A,Q,N,145,-0.263,1G3P_A_Q145N
1G3P,A,R,V,144,-0.765,1G3P_A_R144V
1GLU,A,C,A,500,1.22,1GLU_A_C500A
1GUA,B,A,G,118,1.963,1GUA_B_A118G
1GUA,B,A,L,118,1.951,1GUA_B_A118L
1GUA,B,A,G,85,2.149,1GUA_B_A85G
1GUA,B,A,G,97,0.863,1GUA_B_A97G
1GUA,B,C,A,81,-0.283,1GUA_B_C81A
1GUA,B,C,I,81,0.912,1GUA_B_C81I
1GUA,B,C,A,95,0.08,1GUA_B_C95A
1GUA,B,C,A,96,1.759,1GUA_B_C96A
1GUA,B,C,L,96,0.043,1GUA_B_C96L
1GUA,B,C,M,96,0.337,1GUA_B_C96M
1GUA,B,D,A,117,0.706,1GUA_B_D117A
1GUA,B,D,A,129,0.855,1GUA_B_D129A
1GUA,B,D,A,80,0.493,1GUA_B_D80A
1GUA,B,E,A,104,-0.021,1GUA_B_E104A
1GUA,B,E,A,124,0.101,1GUA_B_E124A
1GUA,B,E,A,125,0.591,1GUA_B_E125A
1GUA,B,I,A,58,3.274,1GUA_B_I58A
1GUA,B,I,F,58,1.299,1GUA_B_I58F
1GUA,B,I,L,58,0.771,1GUA_B_I58L
1GUA,B,K,A,109,0.327,1GUA_B_K109A
1GUA,B,L,A,112,2.593,1GUA_B_L112A
1GUA,B,L,A,121,2.534,1GUA_B_L121A
1GUA,B,L,A,126,3.405,1GUA_B_L126A
1GUA,B,L,A,62,3.46,1GUA_B_L62A
1GUA,B,L,A,78,3.803,1GUA_B_L78A
1GUA,B,L,A,82,3.529,1GUA_B_L82A
1GUA,B,L,I,82,1.6,1GUA_B_L82I
1GUA,B,L,V,82,1.7,1GUA_B_L82V
1GUA,B,L,A,86,3.226,1GUA_B_L86A
1GUA,B,L,A,91,1.575,1GUA_B_L91A
1GUA,B,M,A,76,0.961,1GUA_B_M76A
1GUA,B,N,M,56,-0.271,1GUA_B_N56M
1GUA,B,N,A,64,1.14,1GUA_B_N64A
1GUA,B,P,A,63,1.708,1GUA_B_P63A
1GUA,B,P,A,93,0.0819999999999999,1GUA_B_P93A
1GUA,B,Q,A,66,0.504,1GUA_B_Q66A
1GUA,B,R,A,100,0.693,1GUA_B_R100A
1GUA,B,R,A,59,-0.178,1GUA_B_R59A
1GUA,B,R,L,89,-1.078,1GUA_B_R89L
1GUA,B,S,A,77,1.573,1GUA_B_S77A
1GUA,B,S,T,77,-0.581,1GUA_B_S77T
1GUA,B,T,A,68,0.109,1GUA_B_T68A
1GUA,B,V,A,128,3.368,1GUA_B_V128A
1GUA,B,V,A,60,2.251,1GUA_B_V60A
1GUA,B,V,A,69,1.116,1GUA_B_V69A
1GUA,B,V,A,70,1.77,1GUA_B_V70A
1GUA,B,V,A,72,1.052,1GUA_B_V72A
1GUA,B,V,I,72,0.864,1GUA_B_V72I
1GUA,B,V,A,98,1.981,1GUA_B_V98A
1GWY,A,A,D,8,1.6,1GWY_A_A8D
1H0X,A,P,A,18,1.936,1H0X_A_P18A
1H0X,A,P,A,62,2.581,1H0X_A_P62A
1HCQ,A,C,A,67,2.09,1HCQ_A_C67A
1HCQ,A,C,S,67,1.99,1HCQ_A_C67S
1IOJ,A,G,A,15,-0.4,1IOJ_A_G15A
1IR3,A,W,F,1175,-0.6,1IR3_A_W1175F
1ITM,A,C,T,24,3.3,1ITM_A_C24T
1ITM,A,C,T,3,5,1ITM_A_C3T
1ITM,A,W,S,91,-1.4,1ITM_A_W91S
1IV7,B,A,C,173,-0.5,1IV7_B_A173C
1IV7,B,F,C,189,2.5,1IV7_B_F189C
1IV7,B,L,C,162,1.9,1IV7_B_L162C
1IV9,A,S,Y,76,-4.299,1IV9_A_S76Y
1J8I,A,K,A,25,-0.1,1J8I_A_K25A
1J8I,A,K,A,66,-0.1,1J8I_A_K66A
1J8I,A,R,A,23,-0.8,1J8I_A_R23A
1J8I,A,R,A,35,0.1,1J8I_A_R35A
1J8I,A,R,A,43,-0.7,1J8I_A_R43A
1J8I,A,R,A,9,0.1,1J8I_A_R9A
1JL9,A,A,C,25,1.44,1JL9_A_A25C
1JLV,A,E,D,64,1.162,1JLV_A_E64D
1JLV,A,E,N,64,2.304,1JLV_A_E64N
1JLV,A,E,Q,64,2.302,1JLV_A_E64Q
1L6H,A,F,A,39,1.697,1L6H_A_F39A
1L6H,A,Y,A,45,0.55,1L6H_A_Y45A
1L6H,A,Y,A,48,1.482,1L6H_A_Y48A
1LVM,A,E,G,106,-1.4,1LVM_A_E106G
1LVM,A,K,F,45,-0.43,1LVM_A_K45F
1LVM,A,L,V,56,0,1LVM_A_L56V
1LVM,A,Q,F,58,-0.6,1LVM_A_Q58F
1LVM,A,S,G,135,0,1LVM_A_S135G
1N18,A,E,G,100,2.5,1N18_A_E100G
1N18,A,G,R,85,1.4,1N18_A_G85R
1N18,A,H,R,46,-1.4,1N18_A_H46R
1N18,A,V,I,148,-0.1,1N18_A_V148I
1N88,A,F,A,21,1.39,1N88_A_F21A
1N88,A,I,A,39,1.39,1N88_A_I39A
1N88,A,I,A,80,2.79,1N88_A_I80A
1N88,A,I,A,89,2.35,1N88_A_I89A
1N88,A,I,V,8,1.52,1N88_A_I8V
1N88,A,L,A,13,1.52,1N88_A_L13A
1N88,A,L,A,57,1.11,1N88_A_L57A
1N88,A,V,A,12,1.94,1N88_A_V12A
1N88,A,V,A,30,2.84,1N88_A_V30A
1N88,A,V,A,43,2.82,1N88_A_V43A
1N88,A,V,A,49,2.83,1N88_A_V49A
1N88,A,V,A,51,3.24,1N88_A_V51A
1N88,A,V,A,54,3.73,1N88_A_V54A
1N88,A,V,A,81,2.82,1N88_A_V81A
1N88,A,V,A,83,3.1,1N88_A_V83A
1N88,A,Y,A,18,-0.06,1N88_A_Y18A
1N88,A,Y,A,26,4.61,1N88_A_Y26A
1NM1,A,D,N,187,0.88,1NM1_A_D187N
1NM1,A,D,Y,187,1.9,1NM1_A_D187Y
1O1U,A,E,A,110,3.3,1O1U_A_E110A
1O1U,A,N,A,61,1.2,1O1U_A_N61A
1O1U,A,Q,A,51,0.3,1O1U_A_Q51A
1O1U,A,Q,A,99,-0.3,1O1U_A_Q99A
1O1U,A,T,A,38,1.2,1O1U_A_T38A
1O1U,A,W,Y,49,1.2,1O1U_A_W49Y
1O6X,A,A,G,31,1.2,1O6X_A_A31G
1O6X,A,A,G,50,1.4,1O6X_A_A50G
1O6X,A,D,A,38,-0.36,1O6X_A_D38A
1O6X,A,E,A,14,0.3,1O6X_A_E14A
1O6X,A,E,G,20,1.42,1O6X_A_E20G
1O6X,A,F,L,39,1.88,1O6X_A_F39L
1O6X,A,F,A,65,0.98,1O6X_A_F65A
1O6X,A,H,A,51,0.61,1O6X_A_H51A
1O6X,A,I,V,15,0.43,1O6X_A_I15V
1O6X,A,I,V,23,-0.42,1O6X_A_I23V
1O6X,A,I,V,71,1.31,1O6X_A_I71V
1O6X,A,I,A,75,1.31,1O6X_A_I75A
1O6X,A,K,A,41,1.98,1O6X_A_K41A
1O6X,A,L,V,26,0.97,1O6X_A_L26V
1O6X,A,N,A,58,0.08,1O6X_A_N58A
1O6X,A,Q,G,60,0.49,1O6X_A_Q60G
1O6X,A,V,A,12,1.1,1O6X_A_V12A
1O6X,A,V,A,52,1.08,1O6X_A_V52A
1O6X,A,V,G,64,1.1,1O6X_A_V64G
1O6X,A,Y,L,73,2.78,1O6X_A_Y73L
1OSI,A,I,V,11,0.05,1OSI_A_I11V
1OSI,A,S,F,92,-0.39,1OSI_A_S92F
1OSI,A,V,M,126,2.25,1OSI_A_V126M
1OSI,A,V,I,15,0.78,1OSI_A_V15I
1PFL,A,A,T,20,1.53,1PFL_A_A20T
1PFL,A,G,V,117,1.96,1PFL_A_G117V
1PFL,A,M,T,113,3.53,1PFL_A_M113T
1PFL,A,Q,L,138,-1.82,1PFL_A_Q138L
1PFL,A,T,M,108,-0.07,1PFL_A_T108M
1PRE,A,C,S,159,2.4,1PRE_A_C159S
1PRG,A,E,K,460,0.17,1PRG_A_E460K
1PRG,A,F,L,360,0.4,1PRG_A_F360L
1PRG,A,P,L,467,-0.11,1PRG_A_P467L
1PRG,A,Q,P,286,0.3,1PRG_A_Q286P
1PRG,A,R,H,288,-0.06,1PRG_A_R288H
1PRG,A,R,A,357,-0.19,1PRG_A_R357A
1PRG,A,V,M,290,-0.03,1PRG_A_V290M
1R2Y,A,R,E,244,4.2,1R2Y_A_R244E
1R6R,A,I,N,88,0.13,1R6R_A_I88N
1R6R,A,L,S,50,2.81,1R6R_A_L50S
1R6R,A,L,S,54,0.24,1R6R_A_L54S
1R6R,A,L,N,81,6.84,1R6R_A_L81N
1SPD,A,C,S,111,-0.8,1SPD_A_C111S
1SPD,A,C,A,6,-0.1,1SPD_A_C6A
1X0J,A,D,N,160,4.1,1X0J_A_D160N
1X0J,A,D,Y,160,4.02,1X0J_A_D160Y
1X0J,A,D,N,161,2.21,1X0J_A_D161N
1X0J,A,D,Y,161,3.38,1X0J_A_D161Y
1X0J,A,E,K,140,3.48,1X0J_A_E140K
1X0J,A,R,L,100,5.22,1X0J_A_R100L
1X0J,A,Y,H,153,6.49,1X0J_A_Y153H
1XWS,A,E,Q,124,2.9,1XWS_A_E124Q
1XWS,A,E,K,135,4.59,1XWS_A_E135K
1XWS,A,E,D,142,3.22,1XWS_A_E142D
1XWS,A,Y,H,53,3.3,1XWS_A_Y53H
1XXN,A,N,R,181,-0.358,1XXN_A_N181R
1XXN,A,N,D,32,0.86,1XXN_A_N32D
1XXN,A,N,E,54,0.645,1XXN_A_N54E
1XXN,A,S,E,22,-0.239,1XXN_A_S22E
1XXN,A,S,E,27,0.645,1XXN_A_S27E
1XZO,A,F,W,42,-2.87,1XZO_A_F42W
1XZO,A,W,F,101,2.89,1XZO_A_W101F
1XZO,A,W,A,36,8.93,1XZO_A_W36A
1XZO,A,W,F,36,4.25,1XZO_A_W36F
2ARF,A,H,Q,1069,0.717,2ARF_A_H1069Q
2BJD,A,V,D,84,4.493,2BJD_A_V84D
2BJD,A,V,P,84,4.517,2BJD_A_V84P
2BJD,A,Y,E,86,2.103,2BJD_A_Y86E
2C9Q,A,Y,F,79,0.012,2C9Q_A_Y79F
2C9Q,A,Y,W,79,1.233,2C9Q_A_Y79W
2CLR,B,H,F,13,-0.12,2CLR_B_H13F
2CLR,B,H,F,31,-2.605,2CLR_B_H31F
2CLR,B,H,F,51,1.912,2CLR_B_H51F
2CLR,B,H,A,84,2.629,2CLR_B_H84A
2DVV,A,Q,H,443,-0.89,2DVV_A_Q443H
2DVV,A,R,W,419,0.02,2DVV_A_R419W
2H3F,A,E,A,12,-1.07,2H3F_A_E12A
2HBB,A,A,G,22,0.32,2HBB_A_A22G
2HBB,A,A,G,26,1.79,2HBB_A_A26G
2HBB,A,A,G,36,1.55,2HBB_A_A36G
2HBB,A,A,G,39,1.59,2HBB_A_A39G
2HBB,A,A,G,42,0.33,2HBB_A_A42G
2HBB,A,A,G,46,0.55,2HBB_A_A46G
2HBB,A,A,G,49,0.22,2HBB_A_A49G
2HBB,A,D,A,23,0.03,2HBB_A_D23A
2HBB,A,D,N,23,0.79,2HBB_A_D23N
2HBB,A,D,A,8,1.3,2HBB_A_D8A
2HBB,A,D,N,8,0.38,2HBB_A_D8N
2HBB,A,E,A,17,1.69,2HBB_A_E17A
2HBB,A,E,Q,17,0.33,2HBB_A_E17Q
2HBB,A,E,A,38,0.41,2HBB_A_E38A
2HBB,A,E,Q,38,0.68,2HBB_A_E38Q
2HBB,A,E,Q,48,-0.07,2HBB_A_E48Q
2HBB,A,F,A,31,2.84,2HBB_A_F31A
2HBB,A,F,L,5,1.15,2HBB_A_F5L
2HBB,A,G,A,24,-0.02,2HBB_A_G24A
2HBB,A,G,A,34,1.02,2HBB_A_G34A
2HBB,A,I,A,18,2.05,2HBB_A_I18A
2HBB,A,I,V,18,0.07,2HBB_A_I18V
2HBB,A,I,A,37,1.28,2HBB_A_I37A
2HBB,A,I,V,37,-0.09,2HBB_A_I37V
2HBB,A,I,V,4,0.59,2HBB_A_I4V
2HBB,A,K,E,10,-0.13,2HBB_A_K10E
2HBB,A,K,M,10,-0.47,2HBB_A_K10M
2HBB,A,K,A,12,-0.61,2HBB_A_K12A
2HBB,A,K,G,12,-0.03,2HBB_A_K12G
2HBB,A,K,M,12,-1.8,2HBB_A_K12M
2HBB,A,K,A,14,0.73,2HBB_A_K14A
2HBB,A,K,G,14,1.3,2HBB_A_K14G
2HBB,A,K,M,14,0.34,2HBB_A_K14M
2HBB,A,K,G,15,1.74,2HBB_A_K15G
2HBB,A,K,M,15,0.44,2HBB_A_K15M
2HBB,A,K,M,7,-0.21,2HBB_A_K7M
2HBB,A,L,A,30,2.76,2HBB_A_L30A
2HBB,A,L,A,35,1.21,2HBB_A_L35A
2HBB,A,L,A,44,1.73,2HBB_A_L44A
2HBB,A,L,A,47,0.84,2HBB_A_L47A
2HBB,A,L,A,6,3.1,2HBB_A_L6A
2HBB,A,M,A,1,1.46,2HBB_A_M1A
2HBB,A,T,S,40,0.8,2HBB_A_T40S
2HBB,A,V,A,21,2.33,2HBB_A_V21A
2HBB,A,V,A,3,2.55,2HBB_A_V3A
2HBB,A,V,A,9,1.81,2HBB_A_V9A
2JIE,A,C,A,170,-2.997,2JIE_A_C170A
2JIE,A,C,Q,170,-2.581,2JIE_A_C170Q
2JIE,A,E,D,157,2.075,2JIE_A_E157D
2JIE,A,E,A,167,-4.247,2JIE_A_E167A
2JIE,A,E,A,225,4.36,2JIE_A_E225A
2JIE,A,E,H,225,1.515,2JIE_A_E225H
2JIE,A,E,A,409,-0.825,2JIE_A_E409A
2JIE,A,E,D,409,0.909,2JIE_A_E409D
2JIE,A,E,S,426,-0.87,2JIE_A_E426S
2JIE,A,F,A,418,0.165,2JIE_A_F418A
2JIE,A,H,R,104,-1.536,2JIE_A_H104R
2JIE,A,I,E,247,-1.241,2JIE_A_I247E
2JIE,A,I,N,247,-0.974,2JIE_A_I247N
2JIE,A,L,A,174,0.79,2JIE_A_L174A
2JIE,A,L,R,174,-0.336,2JIE_A_L174R
2JIE,A,M,A,224,4.098,2JIE_A_M224A
2JIE,A,M,A,326,1.298,2JIE_A_M326A
2JIE,A,N,A,166,3.397,2JIE_A_N166A
2JIE,A,N,C,166,2.964,2JIE_A_N166C
2JIE,A,N,A,223,0.671,2JIE_A_N223A
2JIE,A,N,G,223,-3.462,2JIE_A_N223G
2JIE,A,N,H,223,-2.583,2JIE_A_N223H
2JIE,A,N,R,223,-3.976,2JIE_A_N223R
2JIE,A,N,Y,223,-5.73,2JIE_A_N223Y
2JIE,A,N,A,296,2.25,2JIE_A_N296A
2JIE,A,N,C,296,0.017,2JIE_A_N296C
2JIE,A,N,A,407,-0.464,2JIE_A_N407A
2JIE,A,N,C,407,-0.143,2JIE_A_N407C
2JIE,A,Q,S,22,0.209,2JIE_A_Q22S
2JIE,A,R,A,243,0.166,2JIE_A_R243A
2JIE,A,R,D,243,-0.213,2JIE_A_R243D
2JIE,A,R,K,243,1.463,2JIE_A_R243K
2JIE,A,S,A,17,1.246,2JIE_A_S17A
2JIE,A,S,A,19,-0.951,2JIE_A_S19A
2JIE,A,S,A,334,1.454,2JIE_A_S334A
2JIE,A,S,A,403,-0.92,2JIE_A_S403A
2JIE,A,T,A,18,0.994,2JIE_A_T18A
2JIE,A,T,A,221,-3.189,2JIE_A_T221A
2JIE,A,T,A,355,2.961,2JIE_A_T355A
2JIE,A,W,F,123,-2.19,2JIE_A_W123F
2JIE,A,W,H,123,-1.06,2JIE_A_W123H
2JIE,A,W,A,328,1.159,2JIE_A_W328A
2JIE,A,W,C,328,2.664,2JIE_A_W328C
2JIE,A,W,H,328,2.573,2JIE_A_W328H
2JIE,A,W,R,328,0.95,2JIE_A_W328R
2JIE,A,W,C,402,0.36,2JIE_A_W402C
2JIE,A,W,R,402,-2.615,2JIE_A_W402R
2JIE,A,W,Y,412,-0.599,2JIE_A_W412Y
2JIE,A,Y,A,21,3.443,2JIE_A_Y21A
2JIE,A,Y,A,297,-1.072,2JIE_A_Y297A
2JIE,A,Y,F,297,1.853,2JIE_A_Y297F
2JUC,A,C,D,57,2.54,2JUC_A_C57D
2JUC,A,C,S,57,0.71,2JUC_A_C57S
2JUC,A,R,A,18,1.75,2JUC_A_R18A
2KJ3,A,D,A,288,-1.2,2KJ3_A_D288A
2KJ3,A,E,A,272,-1.9,2KJ3_A_E272A
2KJ3,A,G,A,278,0.8,2KJ3_A_G278A
2KJ3,A,K,A,229,-1.5,2KJ3_A_K229A
2KJ3,A,L,A,241,-1,2KJ3_A_L241A
2KJ3,A,S,A,273,-1.4,2KJ3_A_S273A
2KJ3,A,V,A,239,-1,2KJ3_A_V239A
2KJ3,A,V,A,264,-1,2KJ3_A_V264A
2KJ3,A,V,A,267,-0.2,2KJ3_A_V267A
2KS4,A,D,A,9,-1.26,2KS4_A_D9A
2KS4,A,E,A,2,0.23,2KS4_A_E2A
2LTB,A,L,P,558,1.57,2LTB_A_L558P
2LTB,A,L,R,569,3.11,2LTB_A_L569R
2LTB,A,M,K,619,3.34,2LTB_A_M619K
2LTB,A,R,Q,533,1.1,2LTB_A_R533Q
2LTB,A,R,Q,555,0.36,2LTB_A_R555Q
2LTB,A,R,W,555,-1.79,2LTB_A_R555W
2M5S,A,D,A,302,4,2M5S_A_D302A
2M5S,A,H,A,305,2,2M5S_A_H305A
2MPC,A,A,T,89,0.24,2MPC_A_A89T
2MPC,A,R,A,42,-0.62,2MPC_A_R42A
2MPC,A,R,W,42,-2.08,2MPC_A_R42W
2N7Z,A,P,A,88,0.6,2N7Z_A_P88A
2NTE,A,I,V,738,2,2NTE_A_I738V
2NTE,A,R,C,658,2.3,2NTE_A_R658C
2OUO,A,A,D,420,-0.44,2OUO_A_A420D
2PR5,A,A,Y,33,-0.5,2PR5_A_A33Y
2PR5,A,A,M,81,0.4,2PR5_A_A81M
2PR5,A,D,E,109,-0.3,2PR5_A_D109E
2PR5,A,H,K,22,-0.3,2PR5_A_H22K
2PR5,A,H,W,22,-1.2,2PR5_A_H22W
2PR5,A,M,F,111,-2.9,2PR5_A_M111F
2PR5,A,N,F,107,-0.9,2PR5_A_N107F
2PR5,A,N,Y,107,-0.8,2PR5_A_N107Y
2PR5,A,N,F,124,-1.1,2PR5_A_N124F
2PR5,A,N,Y,124,-2.6,2PR5_A_N124Y
2PR5,A,T,M,30,-0.5,2PR5_A_T30M
2PR5,A,T,M,50,0.5,2PR5_A_T50M
2PR5,A,T,Y,54,-0.2,2PR5_A_T54Y
2PR5,A,V,I,120,-1.4,2PR5_A_V120I
2PR5,A,V,I,25,-0.4,2PR5_A_V25I
2PR5,A,V,L,88,0.2,2PR5_A_V88L
2PR5,A,V,I,90,0.7,2PR5_A_V90I
2PTL,A,A,G,22,2.43,2PTL_A_A22G
2PTL,A,A,P,27,-0.1,2PTL_A_A27P
2PTL,A,A,V,27,0.83,2PTL_A_A27V
2PTL,A,A,G,34,2.17,2PTL_A_A34G
2PTL,A,A,V,34,-1.47,2PTL_A_A34V
2PTL,A,A,G,43,2.54,2PTL_A_A43G
2PTL,A,A,G,47,3.1,2PTL_A_A47G
2PTL,A,A,G,49,1.32,2PTL_A_A49G
2PTL,A,A,G,51,3.12,2PTL_A_A51G
2PTL,A,A,G,66,0.49,2PTL_A_A66G
2PTL,A,D,A,52,1.21,2PTL_A_D52A
2PTL,A,D,G,52,2.14,2PTL_A_D52G
2PTL,A,D,A,64,0.2,2PTL_A_D64A
2PTL,A,E,A,35,0.59,2PTL_A_E35A
2PTL,A,E,G,46,1.19,2PTL_A_E46G
2PTL,A,E,I,46,1.08,2PTL_A_E46I
2PTL,A,E,A,60,0.23,2PTL_A_E60A
2PTL,A,F,A,26,3.12,2PTL_A_F26A
2PTL,A,F,L,26,0.68,2PTL_A_F26L
2PTL,A,F,A,36,4.15,2PTL_A_F36A
2PTL,A,F,L,36,3.12,2PTL_A_F36L
2PTL,A,F,G,40,3.08,2PTL_A_F40G
2PTL,A,F,L,40,0.38,2PTL_A_F40L
2PTL,A,F,L,76,3.34,2PTL_A_F76L
2PTL,A,F,V,76,3.73,2PTL_A_F76V
2PTL,A,G,A,29,1.52,2PTL_A_G29A
2PTL,A,G,V,29,2.53,2PTL_A_G29V
2PTL,A,G,A,38,2.08,2PTL_A_G38A
2PTL,A,G,A,59,2.23,2PTL_A_G59A
2PTL,A,G,A,69,2.04,2PTL_A_G69A
2PTL,A,I,A,20,4.9,2PTL_A_I20A
2PTL,A,I,V,20,0.56,2PTL_A_I20V
2PTL,A,I,A,25,1.37,2PTL_A_I25A
2PTL,A,I,V,25,0.47,2PTL_A_I25V
2PTL,A,I,A,74,4.72,2PTL_A_I74A
2PTL,A,I,V,74,1.69,2PTL_A_I74V
2PTL,A,K,A,21,0.92,2PTL_A_K21A
2PTL,A,K,A,37,0.88,2PTL_A_K37A
2PTL,A,K,G,42,-0.16,2PTL_A_K42G
2PTL,A,K,A,55,-0.58,2PTL_A_K55A
2PTL,A,K,A,56,-0.35,2PTL_A_K56A
2PTL,A,K,A,68,0.09,2PTL_A_K68A
2PTL,A,K,A,75,0.45,2PTL_A_K75A
2PTL,A,L,A,24,3.12,2PTL_A_L24A
2PTL,A,L,A,54,2.44,2PTL_A_L54A
2PTL,A,L,A,72,3.77,2PTL_A_L72A
2PTL,A,N,A,23,1.87,2PTL_A_N23A
2PTL,A,N,A,28,1.78,2PTL_A_N28A
2PTL,A,N,A,58,0.34,2PTL_A_N58A
2PTL,A,N,A,73,1.73,2PTL_A_N73A
2PTL,A,S,A,30,0.3,2PTL_A_S30A
2PTL,A,S,A,45,-0.41,2PTL_A_S45A
2PTL,A,S,G,45,0.82,2PTL_A_S45G
2PTL,A,T,A,19,1.63,2PTL_A_T19A
2PTL,A,T,A,31,1.17,2PTL_A_T31A
2PTL,A,T,A,33,1.11,2PTL_A_T33A
2PTL,A,T,A,39,1.25,2PTL_A_T39A
2PTL,A,T,A,44,1.09,2PTL_A_T44A
2PTL,A,T,G,53,0.17,2PTL_A_T53G
2PTL,A,T,A,62,0.97,2PTL_A_T62A
2PTL,A,T,A,71,1.83,2PTL_A_T71A
2PTL,A,V,A,18,1.22,2PTL_A_V18A
2PTL,A,V,A,63,0.92,2PTL_A_V63A
2PTL,A,V,A,65,1.14,2PTL_A_V65A
2PTL,A,Y,A,48,2.82,2PTL_A_Y48A
2PTL,A,Y,A,50,2.46,2PTL_A_Y50A
2PTL,A,Y,A,70,1.66,2PTL_A_Y70A
2PTL,A,Y,L,70,-0.43,2PTL_A_Y70L
2RPN,A,E,L,7,-1.05,2RPN_A_E7L
2RPN,A,V,K,21,-0.39,2RPN_A_V21K
2VY0,A,D,A,287,5.975,2VY0_A_D287A
2VY0,A,E,A,53,6.597,2VY0_A_E53A
2WQG,A,D,A,15,-0.3,2WQG_A_D15A
2WQG,A,D,A,38,-0.1,2WQG_A_D38A
2WQG,A,D,A,39,2.2,2WQG_A_D39A
2WQG,A,D,N,39,2.6,2WQG_A_D39N
2WQG,A,E,Q,40,0.1,2WQG_A_E40Q
2WQG,A,E,G,41,0.4,2WQG_A_E41G
2WQG,A,I,A,36,0.9,2WQG_A_I36A
2WQG,A,I,V,36,0.3,2WQG_A_I36V
2WQG,A,K,A,14,0.4,2WQG_A_K14A
2WQG,A,K,G,14,1.9,2WQG_A_K14G
2WQG,A,K,A,19,0.3,2WQG_A_K19A
2WQG,A,K,A,28,0.6,2WQG_A_K28A
2WQG,A,L,A,13,0.5,2WQG_A_L13A
2WQG,A,L,A,16,1.3,2WQG_A_L16A
2WQG,A,L,A,8,2,2WQG_A_L8A
2WQG,A,Q,A,12,0.6,2WQG_A_Q12A
2WQG,A,Q,G,12,2,2WQG_A_Q12G
2WQG,A,Q,A,33,-0.1,2WQG_A_Q33A
2WQG,A,R,A,34,0.8,2WQG_A_R34A
2WQG,A,S,A,23,0.6,2WQG_A_S23A
2WQG,A,S,A,6,-0.1,2WQG_A_S6A
2WQG,A,S,G,6,0.2,2WQG_A_S6G
2WQG,A,T,S,9,-0.1,2WQG_A_T9S
2WQG,A,V,A,10,0.1,2WQG_A_V10A
2WQG,A,V,G,10,0.7,2WQG_A_V10G
2WQG,A,V,A,11,-0.4,2WQG_A_V11A
2WQG,A,V,G,11,-0.1,2WQG_A_V11G
2WQG,A,V,A,24,0.5,2WQG_A_V24A
2WQG,A,Y,F,5,2.4,2WQG_A_Y5F
2ZTA,A,E,Q,11,0.74,2ZTA_A_E11Q
2ZTA,A,E,Q,20,-0.2,2ZTA_A_E20Q
2ZTA,A,E,Q,22,1.83,2ZTA_A_E22Q
2ZTA,A,K,A,15,0.41,2ZTA_A_K15A
2ZTA,A,K,A,27,0.91,2ZTA_A_K27A
2ZTA,A,K,A,28,0.06,2ZTA_A_K28A
2ZTA,A,K,A,8,0.39,2ZTA_A_K8A
2ZTA,A,R,A,25,1.66,2ZTA_A_R25A
3BCI,A,E,Q,96,-1.369,3BCI_A_E96Q
3BCI,A,T,V,153,1.137,3BCI_A_T153V
3BN0,A,I,V,20,1.506,3BN0_A_I20V
3C2I,A,D,E,156,-0.88,3C2I_A_D156E
3C2I,A,F,S,155,-0.43,3C2I_A_F155S
3C2I,A,L,V,100,-1.11,3C2I_A_L100V
3C2I,A,P,R,152,-1.46,3C2I_A_P152R
3C2I,A,R,Q,106,-0.12,3C2I_A_R106Q
3C2I,A,R,W,106,-0.04,3C2I_A_R106W
3C2I,A,R,G,111,0.43,3C2I_A_R111G
3C2I,A,R,C,133,-0.37,3C2I_A_R133C
3C2I,A,R,H,133,-0.24,3C2I_A_R133H
3C2I,A,S,C,134,-1.05,3C2I_A_S134C
3C2I,A,T,A,158,-0.47,3C2I_A_T158A
3C2I,A,T,M,158,-0.25,3C2I_A_T158M
3D2A,A,M,E,134,-3.02,3D2A_A_M134E
3D2A,A,M,P,137,-3.34,3D2A_A_M137P
3D2A,A,S,P,163,-2.11,3D2A_A_S163P
3D3B,A,D,A,118,0.65,3D3B_A_D118A
3D3B,A,D,E,118,0.6,3D3B_A_D118E
3D3B,A,D,K,118,1.6,3D3B_A_D118K
3D3B,A,D,N,118,1.34,3D3B_A_D118N
3D3B,A,D,R,118,1.41,3D3B_A_D118R
3DV0,I,A,G,131,1.7,3DV0_I_A131G
3DV0,I,A,G,139,2.3,3DV0_I_A139G
3DV0,I,A,G,165,0.9,3DV0_I_A165G
3DV0,I,A,G,168,0.3,3DV0_I_A168G
3DV0,I,D,A,145,2.1,3DV0_I_D145A
3DV0,I,D,N,145,0.9,3DV0_I_D145N
3DV0,I,D,N,162,2,3DV0_I_D162N
3DV0,I,D,A,164,2.3,3DV0_I_D164A
3DV0,I,D,G,164,3.7,3DV0_I_D164G
3DV0,I,D,N,164,1.9,3DV0_I_D164N
3DV0,I,E,A,141,0.7,3DV0_I_E141A
3DV0,I,E,Q,141,0.4,3DV0_I_E141Q
3DV0,I,I,A,130,0.7,3DV0_I_I130A
3DV0,I,I,G,130,1.4,3DV0_I_I130G
3DV0,I,I,V,130,0.2,3DV0_I_I130V
3DV0,I,I,A,146,2.7,3DV0_I_I146A
3DV0,I,I,V,146,1.2,3DV0_I_I146V
3DV0,I,I,V,163,0.5,3DV0_I_I163V
3DV0,I,L,A,159,2,3DV0_I_L159A
3DV0,I,L,G,159,1.9,3DV0_I_L159G
3DV0,I,L,V,159,0.6,3DV0_I_L159V
3DV0,I,L,A,167,1.2,3DV0_I_L167A
3DV0,I,L,V,167,0.2,3DV0_I_L167V
3DV0,I,V,A,129,0.7,3DV0_I_V129A
3DV0,I,V,G,129,1,3DV0_I_V129G
3DV0,I,V,A,135,1.5,3DV0_I_V135A
3DV0,I,V,A,144,2,3DV0_I_V144A
3DV0,I,V,A,149,2.8,3DV0_I_V149A
3DV0,I,V,G,149,4.1,3DV0_I_V149G
3DV0,I,V,A,158,3.2,3DV0_I_V158A
3DV0,I,Y,F,138,2,3DV0_I_Y138F
3ECU,A,H,R,46,-0.8,3ECU_A_H46R
3FIS,A,P,A,61,0.5,3FIS_A_P61A
3G1G,A,D,Y,155,-0.34,3G1G_A_D155Y
3G1G,A,F,Y,167,0.74,3G1G_A_F167Y
3G1G,A,I,V,190,0.17,3G1G_A_I190V
3G1G,A,R,W,185,-1.32,3G1G_A_R185W
3K82,A,E,L,334,3.35,3K82_A_E334L
3K82,A,E,Q,334,1.68,3K82_A_E334Q
3K82,A,E,R,401,-5.49,3K82_A_E401R
3L15,B,Y,H,442,3.23,3L15_B_Y442H
3MON,B,R,G,39,-1.194,3MON_B_R39G
3MON,B,W,C,3,2.866,3MON_B_W3C
3O39,A,F,I,115,1.81,3O39_A_F115I
3O39,A,F,L,115,1.64,3O39_A_F115L
3O39,A,H,L,96,0.58,3O39_A_H96L
3O39,A,L,P,32,3.25,3O39_A_L32P
3O39,A,Q,L,100,2,3O39_A_Q100L
3O39,A,Q,L,49,0.05,3O39_A_Q49L
3S4M,A,D,Y,122,1.3,3S4M_A_D122Y
3S4M,A,G,V,130,2.5,3S4M_A_G130V
3S4M,A,I,F,154,-0.096,3S4M_A_I154F
3S4M,A,W,R,155,0.693,3S4M_A_W155R
3S92,A,H,R,395,-2.03,3S92_A_H395R
4BJX,A,A,V,89,-0.99,4BJX_A_A89V
4BUQ,A,Y,A,137,-0.89,4BUQ_A_Y137A
4BUQ,A,Y,A,48,1.435,4BUQ_A_Y48A
4HE7,A,A,D,19,0.24,4HE7_A_A19D
4HE7,A,A,G,19,-0.06,4HE7_A_A19G
4HE7,A,A,K,19,0.46,4HE7_A_A19K
4N6V,0,H,W,75,-0.574,4N6V_0_H75W
4N6V,0,P,G,36,1.362,4N6V_0_P36G
4N6V,0,P,S,79,-1.745,4N6V_0_P79S
4WAA,A,K,A,65,-0.1,4WAA_A_K65A
4WAA,A,K,A,67,2.07,4WAA_A_K67A
4WAA,A,R,A,27,0.44,4WAA_A_R27A
4YEE,A,V,T,134,0.71,4YEE_A_V134T
4YEF,A,T,V,134,0.93,4YEF_A_T134V
5JXB,A,D,G,329,1.44,5JXB_A_D329G
5JXB,A,D,P,329,1.44,5JXB_A_D329P
5OAQ,A,Y,H,429,2.99,5OAQ_A_Y429H
5VP3,A,R,K,39,-0.413,5VP3_A_R39K
5VP3,A,S,G,128,0.378,5VP3_A_S128G
5VP3,A,V,T,183,-0.354,5VP3_A_V183T
