dataset,pred,variance,label
ssym_tr_d,1.2591838,0.40493047,2.3
ssym_tr_d,1.3749583,0.4049487,1.6
ssym_tr_d,1.5885162,0.4049758,3.9
ssym_tr_d,1.0799541,0.4049141,1.9
ssym_tr_d,1.5450206,0.4050683,3.2
ssym_tr_d,1.0561059,0.40490723,2.4
ssym_tr_d,-0.059549116,0.40485525,0.5
ssym_tr_d,1.112373,0.40497214,1.6
ssym_tr_d,2.3255703,0.4057949,4.0
ssym_tr_d,0.83808297,0.4049034,1.1
ssym_tr_d,0.81353426,0.40492386,3.1
ssym_tr_d,0.8520477,0.40494835,1.7
ssym_tr_d,0.680309,0.40494105,1.1
ssym_tr_d,0.9852305,0.40493673,1.7
ssym_tr_d,1.5507786,0.40522057,4.5
ssym_tr_d,0.29150233,0.40486208,4.1
ssym_tr_d,0.22312726,0.40486333,1.0
ssym_tr_d,1.1846426,0.40498382,-2.5
ssym_tr_d,0.25213915,0.40488046,-2.7
ssym_tr_d,-0.3868226,0.4049596,-3.3
ssym_tr_d,0.49848577,0.40490896,0.2
ssym_tr_d,1.097339,0.40495926,1.2
ssym_tr_d,0.34135178,0.40487444,0.7
ssym_tr_d,0.14905918,0.40485686,-1.0
ssym_tr_d,1.6874183,0.40503868,-0.8
ssym_tr_d,0.11053241,0.40485668,1.8
ssym_tr_d,1.8255187,0.4050472,-1.1
ssym_tr_d,0.1680875,0.40485957,1.7
ssym_tr_d,0.042070106,0.40485513,0.6
ssym_tr_d,-0.89246505,0.4048992,-0.7
ssym_tr_d,2.3658054,0.4054512,7.5
ssym_tr_d,1.2681081,0.40493205,-0.9
ssym_tr_d,-0.6624582,0.40488124,0.3
ssym_tr_d,0.614884,0.4049087,0.4
ssym_tr_d,0.9845802,0.4049002,0.2
ssym_tr_d,1.8251587,0.40503746,2.1
ssym_tr_d,-0.026582388,0.40486333,-0.5
ssym_tr_d,0.2295643,0.40486747,-0.1
ssym_tr_d,0.4724942,0.40491787,-0.8
ssym_tr_d,-0.21570434,0.40486115,1.0
ssym_tr_d,0.43292293,0.4048966,1.1
ssym_tr_d,0.9725231,0.4049179,-0.7
ssym_tr_d,0.47663406,0.4049011,-0.6
ssym_tr_d,-0.008750891,0.40486372,-0.4
ssym_tr_d,0.46929654,0.40490544,1.7
ssym_tr_d,1.0647041,0.40491033,0.1
ssym_tr_d,-0.02989013,0.40493816,0.9
ssym_tr_d,0.43201032,0.4049269,0.9
ssym_tr_d,1.2810185,0.40492758,1.1
ssym_tr_d,0.46620232,0.40488014,0.4
ssym_tr_d,0.30084518,0.4048746,-0.7
ssym_tr_d,1.6282246,0.40498507,2.6
ssym_tr_d,0.96790385,0.40492094,0.9
ssym_tr_d,1.0443453,0.4049268,1.3
ssym_tr_d,-0.07667033,0.40485442,-0.1
ssym_tr_d,-0.01856558,0.40485486,-0.6
ssym_tr_d,1.0964446,0.40492842,0.7
ssym_tr_d,0.9584409,0.40494698,3.4
ssym_tr_d,-0.22972493,0.40485537,-0.5
ssym_tr_d,-0.34531757,0.40487644,-0.2
ssym_tr_d,-0.0279273,0.4048855,1.2
ssym_tr_d,1.2830248,0.40493953,0.4
ssym_tr_d,0.80246985,0.40490738,1.2
ssym_tr_d,1.1743226,0.40492,0.5
ssym_tr_d,0.9374987,0.40492323,2.2
ssym_tr_d,1.4458315,0.4051392,0.3
ssym_tr_d,0.19657904,0.4049047,1.5
ssym_tr_d,0.69016826,0.40491188,0.4
ssym_tr_d,1.0880914,0.4049497,1.6
ssym_tr_d,1.6072366,0.4050582,3.4
ssym_tr_d,1.4354999,0.40514484,2.0
ssym_tr_d,0.73114747,0.4049828,0.6
ssym_tr_d,0.4085575,0.40492344,1.5
ssym_tr_d,2.0068746,0.40555122,4.5
ssym_tr_d,1.2817955,0.40493846,3.2
ssym_tr_d,1.50388,0.40496144,2.5
ssym_tr_d,1.2140001,0.40491918,4.3
ssym_tr_d,0.07385659,0.40486,-1.1
ssym_tr_d,0.8544107,0.40493345,1.0
ssym_tr_d,1.7590145,0.40536183,3.2
ssym_tr_d,0.33576703,0.4048889,0.2
ssym_tr_d,-0.3932572,0.4048649,-0.5
ssym_tr_d,1.426075,0.4049883,1.8
ssym_tr_d,0.81983066,0.40490642,0.6
ssym_tr_d,0.30897063,0.40488768,-0.3
ssym_tr_d,1.8292743,0.4050581,1.0
ssym_tr_d,1.9966975,0.4052323,3.8
ssym_tr_d,0.90723324,0.40489265,-0.2
ssym_tr_d,1.2831242,0.40494293,2.0
ssym_tr_d,0.5777384,0.40488812,0.4
ssym_tr_d,1.6991615,0.40499932,0.5
ssym_tr_d,1.2362267,0.4049413,1.5
ssym_tr_d,1.4738227,0.4050347,4.4
ssym_tr_d,0.94181275,0.40497115,2.8
ssym_tr_d,0.5673094,0.40491164,2.8
ssym_tr_d,0.013447633,0.40486038,0.1
ssym_tr_d,2.0621734,0.40516886,4.9
ssym_tr_d,1.6355149,0.40503442,2.0
ssym_tr_d,1.3823657,0.4050402,3.2
ssym_tr_d,-0.5960161,0.40489012,-0.5
ssym_tr_d,0.17006423,0.40485832,0.1
ssym_tr_d,0.758117,0.4049406,0.4
ssym_tr_d,1.0430583,0.40501493,0.3
ssym_tr_d,0.46266636,0.40486673,-1.0
ssym_tr_d,1.9234039,0.40507713,2.2
ssym_tr_d,1.2302884,0.4049272,1.2
ssym_tr_d,1.3427249,0.40504178,0.8
ssym_tr_d,0.5206342,0.4048889,0.1
ssym_tr_d,1.8418788,0.40505353,1.6
ssym_tr_d,0.78562576,0.4049706,0.7
ssym_tr_d,0.025713578,0.4048572,0.2
ssym_tr_d,1.7418668,0.40506932,1.5
ssym_tr_d,0.7258649,0.40495524,0.8
ssym_tr_d,1.6518222,0.40502667,3.0
ssym_tr_d,0.14352988,0.40485874,-0.1
ssym_tr_d,0.034454156,0.40485498,0.1
ssym_tr_d,-0.03603908,0.40485418,-0.2
ssym_tr_d,0.33636555,0.40487084,0.5
ssym_tr_d,-0.11809143,0.40485415,0.0
ssym_tr_d,0.017701615,0.40485466,-0.2
ssym_tr_d,0.037290476,0.40485516,-0.4
ssym_tr_d,0.00492842,0.40485522,-0.3
ssym_tr_d,-0.041374877,0.404855,-0.3
ssym_tr_d,0.96984965,0.40499777,1.0
ssym_tr_d,0.3064999,0.40487006,1.4
ssym_tr_d,0.046889056,0.40485513,0.0
ssym_tr_d,1.8375082,0.4050622,2.7
ssym_tr_d,0.19879815,0.40486315,0.0
ssym_tr_d,1.9328207,0.405158,2.6
ssym_tr_d,1.4921032,0.40503705,3.1
ssym_tr_d,1.6817861,0.4051401,3.1
ssym_tr_d,0.8032936,0.40494627,-0.7
ssym_tr_d,0.028629938,0.40485525,-1.3
ssym_tr_d,1.2519323,0.404976,0.3
ssym_tr_d,1.9356191,0.4051781,2.7
ssym_tr_d,0.21116711,0.40487185,0.1
ssym_tr_d,0.28821012,0.40487576,-0.1
ssym_tr_d,1.3479868,0.40493706,2.8
ssym_tr_d,1.9061816,0.40511814,1.9
ssym_tr_d,0.119995445,0.40485814,0.6
ssym_tr_d,0.10158691,0.40485677,-0.1
ssym_tr_d,2.2189639,0.40524742,2.3
ssym_tr_d,1.4604425,0.4049997,1.0
ssym_tr_d,1.7635833,0.4052605,1.9
ssym_tr_d,2.0215142,0.4054485,3.9
ssym_tr_d,2.0124795,0.40511698,1.6
ssym_tr_d,0.89273125,0.40491533,0.3
ssym_tr_d,1.8083334,0.40506417,2.3
ssym_tr_d,1.7538604,0.4050863,1.7
ssym_tr_d,0.9811205,0.40504655,1.9
ssym_tr_d,2.1119568,0.40561128,2.6
ssym_tr_d,1.5406793,0.40499777,0.8
ssym_tr_d,1.9774567,0.40530747,1.2
ssym_tr_d,0.71285814,0.40489066,1.3
ssym_tr_d,0.15915187,0.40485868,0.4
ssym_tr_d,1.3345115,0.40493605,2.7
ssym_tr_d,-0.004043186,0.40486002,0.3
ssym_tr_d,1.0569799,0.405001,1.0
ssym_tr_d,1.7192204,0.40501773,1.9
ssym_tr_d,1.6401753,0.40511307,2.0
ssym_tr_d,0.80366945,0.40493298,0.4
ssym_tr_d,2.2321026,0.40587622,3.2
ssym_tr_d,2.1307566,0.40544614,3.4
ssym_tr_d,1.2340928,0.40494773,1.5
ssym_tr_d,1.6456887,0.40499258,0.5
ssym_tr_d,1.4102424,0.40495712,1.6
ssym_tr_d,1.0675312,0.4049114,1.1
ssym_tr_d,0.17788413,0.40486294,0.2
ssym_tr_d,1.5231339,0.40496403,1.5
ssym_tr_d,1.1750768,0.4049265,1.2
ssym_tr_d,1.411774,0.40512833,0.9
ssym_tr_d,0.36865896,0.4048779,0.1
ssym_tr_d,0.92589855,0.4049323,0.3
ssym_tr_d,1.4258295,0.40506408,1.0
ssym_tr_d,1.5798705,0.4050203,0.7
ssym_tr_d,0.63489676,0.40487397,0.4
ssym_tr_d,1.9835662,0.405363,2.7
ssym_tr_d,2.2441478,0.4053319,4.6
ssym_tr_d,0.40014735,0.4048741,0.4
ssym_tr_d,0.34433782,0.40487435,0.1
ssym_tr_d,0.6506518,0.40489772,0.3
ssym_tr_d,0.52360606,0.4049114,0.7
ssym_tr_d,0.8093816,0.40492517,0.5
ssym_tr_d,0.14808822,0.40486005,-0.5
ssym_tr_d,0.9532852,0.40496942,0.8
ssym_tr_d,0.27947795,0.40487382,2.2
ssym_tr_d,0.15691605,0.4048585,0.8
ssym_tr_d,0.12405758,0.40485665,-0.1
ssym_tr_d,0.10941933,0.40485552,-0.4
ssym_tr_d,0.13212274,0.4048579,-0.1
ssym_tr_d,0.083295465,0.40485567,-0.9
ssym_tr_d,0.17055479,0.40485942,1.9
ssym_tr_d,0.393334,0.40487483,-0.5
ssym_tr_d,0.08765478,0.40485528,0.1
ssym_tr_d,0.5177007,0.40490526,1.4
ssym_tr_d,0.25324914,0.4048731,0.4
ssym_tr_d,1.4228464,0.40500984,1.3
ssym_tr_d,0.751451,0.40490744,0.4
ssym_tr_d,0.04821782,0.4048549,-0.2
ssym_tr_d,0.30034587,0.40487173,0.3
ssym_tr_d,0.71100765,0.4049702,1.5
ssym_tr_d,0.35067052,0.4048796,0.4
ssym_tr_d,1.7852582,0.4050345,1.3
ssym_tr_d,1.135269,0.40497413,1.4
ssym_tr_d,0.8868349,0.40493745,0.4
ssym_tr_d,1.5239178,0.40497518,1.4
ssym_tr_d,1.2607752,0.4049911,1.3
ssym_tr_d,0.67862934,0.40491843,0.4
ssym_tr_d,0.5399658,0.40490022,-0.3
ssym_tr_d,0.5404229,0.40492415,0.2
ssym_tr_d,0.8938211,0.4049685,0.8
ssym_tr_d,0.20656154,0.40486163,0.5
ssym_tr_d,0.654618,0.4049222,2.5
ssym_tr_d,0.11139779,0.40485552,0.4
ssym_tr_d,0.10243512,0.40485573,0.2
ssym_tr_d,0.26090568,0.40486288,-0.1
ssym_tr_d,0.3639114,0.40488014,0.0
ssym_tr_d,0.8592594,0.40489656,1.0
ssym_tr_d,-0.035700403,0.4048716,-0.1
ssym_tr_d,0.27922332,0.40486887,0.4
ssym_tr_d,0.12568058,0.4048572,1.9
ssym_tr_d,1.0322443,0.4049222,0.1
ssym_tr_d,1.0064561,0.40491813,1.6
ssym_tr_d,0.19979627,0.40486696,0.2
ssym_tr_d,0.4299361,0.40488088,0.4
ssym_tr_d,1.9022607,0.40521502,3.8
ssym_tr_d,1.386792,0.4051767,1.7
ssym_tr_d,0.8015986,0.40498558,1.2
ssym_tr_d,1.9315573,0.40529826,4.3
ssym_tr_d,2.0200036,0.40545148,3.7
ssym_tr_d,0.38953045,0.40491077,1.1
ssym_tr_d,-0.15989505,0.40485993,-0.2
ssym_tr_d,0.09852666,0.40488726,1.2
ssym_tr_d,-0.20162106,0.40485778,-1.4
ssym_tr_d,-0.08576468,0.404854,3.2
ssym_tr_d,0.18724808,0.40486184,0.6
ssym_tr_d,0.7661779,0.40491453,2.0
ssym_tr_d,0.9865747,0.4049441,1.7
ssym_tr_d,0.64891964,0.40489295,0.4
ssym_tr_d,0.5929374,0.40489668,1.0
ssym_tr_d,1.2565219,0.4050288,4.2
ssym_tr_d,0.06858643,0.40485513,-0.2
ssym_tr_d,0.103332065,0.4048575,-0.1
ssym_tr_d,0.23707044,0.40486673,0.1
ssym_tr_d,-0.030673834,0.4048546,-0.1
ssym_tr_d,-0.042354263,0.40485716,-0.2
ssym_tr_d,1.0279636,0.4049087,0.7
ssym_tr_d,0.16833545,0.4048592,-0.1
ssym_tr_d,0.061233874,0.404855,-0.3
ssym_tr_d,-0.75924444,0.40489626,0.1
ssym_tr_d,-0.071645685,0.40485552,-0.4
ssym_tr_d,0.4956633,0.40489256,0.0
ssym_tr_d,-0.42074257,0.40487537,-0.4
ssym_tr_d,0.46152177,0.40487286,0.7
ssym_tr_d,1.4044379,0.40500113,2.2
ssym_tr_d,1.268876,0.40494388,2.6
ssym_tr_d,0.025779918,0.40485528,0.7
ssym_tr_d,0.49297795,0.40488163,-0.3
ssym_tr_d,0.12986855,0.40485957,1.2
ssym_tr_d,0.7452592,0.40488452,1.7
ssym_tr_d,0.7276087,0.40488315,1.5
ssym_tr_d,0.7400574,0.4048836,1.2
ssym_tr_d,-0.22183673,0.40486428,-0.6
ssym_tr_d,0.45611736,0.40488932,1.1
ssym_tr_d,0.60857314,0.40488297,0.8
ssym_tr_d,0.40500882,0.40487903,1.1
ssym_tr_d,0.3944936,0.40488404,1.3
ssym_tr_d,0.6231271,0.4049057,0.5
ssym_tr_d,1.2068738,0.4049185,2.3
ssym_tr_d,1.2511382,0.4049243,1.1
ssym_tr_d,0.6438081,0.4048978,2.4
ssym_tr_d,0.6703695,0.40490112,2.1
ssym_tr_d,0.07257898,0.40485764,-0.3
ssym_tr_d,0.5138634,0.4049008,1.5
ssym_tr_d,-0.12520064,0.4048553,-0.3
ssym_tr_d,0.3795407,0.4048803,-0.7
ssym_tr_d,0.659975,0.40491095,0.0
ssym_tr_d,2.1247566,0.40520895,3.0
ssym_tr_d,1.0980097,0.40498397,2.3
ssym_tr_d,0.5229351,0.40490618,0.4
ssym_tr_d,1.2034644,0.4049193,1.4
ssym_tr_d,0.15654512,0.40486297,-0.5
ssym_tr_d,-0.030690758,0.40485442,-0.6
ssym_tr_d,0.005766122,0.40486014,0.6
ssym_tr_d,0.77662873,0.4048807,0.0
ssym_tr_d,-0.011494233,0.40486115,-0.8
ssym_tr_d,0.6755379,0.40491077,0.6
ssym_tr_d,0.45108667,0.40489691,0.5
ssym_tr_d,1.1476247,0.40498608,2.0
ssym_tr_d,-0.0947057,0.40485966,-0.4
ssym_tr_d,0.88039327,0.4049444,2.7
ssym_tr_d,-0.12517478,0.40488744,1.1
ssym_tr_d,0.14110023,0.40488687,0.6
ssym_tr_d,1.2941902,0.40493885,4.9
ssym_tr_d,2.2387586,0.4052839,3.5
ssym_tr_d,1.1390395,0.4049631,2.4
ssym_tr_d,1.2834142,0.40496677,4.7
ssym_tr_d,1.8164169,0.40505943,2.6
ssym_tr_d,1.6481278,0.4050203,4.5
ssym_tr_d,2.1561735,0.40520692,3.0
ssym_tr_d,1.836697,0.4050464,3.1
ssym_tr_d,0.20422003,0.40486333,0.3
ssym_tr_d,2.1871843,0.40525365,2.6
ssym_tr_d,1.8139486,0.40504256,2.5
ssym_tr_d,0.5931328,0.40489343,0.0
ssym_tr_d,0.4948566,0.4049071,-0.6
ssym_tr_d,-0.06947377,0.40487385,-1.0
ssym_tr_d,-0.18514973,0.40490046,-2.3
ssym_tr_d,0.10938732,0.40490538,-2.1
ssym_tr_d,-0.69477904,0.4048803,-0.9
ssym_tr_d,-1.5658402,0.4049972,-1.9
ssym_tr_d,0.17586495,0.40487498,-0.1
ssym_tr_d,0.20590955,0.40488485,0.9
ssym_tr_d,0.18481551,0.40486428,-1.0
ssym_tr_d,0.813738,0.40493768,0.5
ssym_tr_d,-0.27616385,0.40486413,-1.1
ssym_tr_d,0.020139856,0.40485567,-0.4
ssym_tr_d,-0.5532397,0.40486982,-1.7
ssym_tr_d,0.18740782,0.4049032,-1.3
ssym_tr_d,-0.46838802,0.40488553,-1.9
ssym_tr_d,0.025174726,0.40489015,-0.2
ssym_tr_d,0.007819758,0.4049066,-0.9
ssym_tr_d,-0.35227644,0.4048825,-0.9
ssym_tr_d,0.92700094,0.40491349,0.8
ssym_tr_d,0.041974492,0.40485522,1.2
ssym_tr_d,1.2360878,0.40500486,0.9
ssym_tr_d,0.09163069,0.40485537,-1.0
ssym_tr_d,-0.097410955,0.40485528,0.2
ssym_tr_d,0.5138029,0.40489906,0.9
ssym_tr_d,0.43529058,0.4048749,2.1
ssym_tr_d,0.79897976,0.4049695,1.2
ssym_tr_d,0.6418428,0.4049512,0.9
ssym_tr_d,1.2079084,0.40492642,0.7
ssym_tr_d,0.2634124,0.40487286,0.3
ssym_tr_d,-0.8083659,0.40493172,0.4
ssym_tr_d,-0.090545006,0.4048659,-0.5
ssym_tr_d,0.52580696,0.404893,0.5
ssym_tr_d,1.2751243,0.4049935,5.7
ssym_tr_d,1.4284912,0.4049633,1.2
ssym_tr_d,2.633735,0.4072254,5.9
ssym_tr_d,2.616304,0.40678898,5.0
ssym_tr_d,1.7710369,0.40513983,6.9
ssym_tr_r,-1.2675023,0.40498644,-2.3
ssym_tr_r,-1.3558351,0.4050072,-1.6
ssym_tr_r,-1.7022789,0.4050356,-3.9
ssym_tr_r,-1.1306113,0.4049445,-1.9
ssym_tr_r,-1.6055293,0.40496093,-3.2
ssym_tr_r,-1.2253218,0.40492085,-2.4
ssym_tr_r,-0.02316434,0.40485504,-0.5
ssym_tr_r,-1.0023447,0.40489292,-1.6
ssym_tr_r,-2.421222,0.4054797,-4.0
ssym_tr_r,-0.7320857,0.4048942,-1.1
ssym_tr_r,-0.6950616,0.40487045,-3.1
ssym_tr_r,-0.906719,0.4049175,-1.7
ssym_tr_r,-0.7669509,0.4048972,-1.1
ssym_tr_r,-1.0790743,0.40492713,-1.7
ssym_tr_r,-1.6631192,0.4049968,-4.5
ssym_tr_r,-0.35044137,0.4048701,-4.1
ssym_tr_r,-0.20673305,0.4048657,-1.0
ssym_tr_r,-1.2881998,0.40493214,2.5
ssym_tr_r,-0.5633363,0.40494752,2.7
ssym_tr_r,0.11514782,0.4048853,3.3
ssym_tr_r,-0.33105558,0.40486008,-0.2
ssym_tr_r,-0.86853063,0.40488297,-1.2
ssym_tr_r,-0.38813663,0.40489483,-0.7
ssym_tr_r,-0.17071773,0.40487927,1.0
ssym_tr_r,-1.6794503,0.40502188,0.8
ssym_tr_r,-0.13357046,0.4048863,-1.8
ssym_tr_r,-1.7840691,0.40501815,1.1
ssym_tr_r,-0.17583272,0.4048921,-1.7
ssym_tr_r,-0.06518739,0.4048755,-0.6
ssym_tr_r,1.043906,0.404943,0.7
ssym_tr_r,-2.3229573,0.40524465,-7.5
ssym_tr_r,-1.215031,0.40491182,0.9
ssym_tr_r,0.78557646,0.40490687,-0.3
ssym_tr_r,-0.46870142,0.40486044,-0.4
ssym_tr_r,-1.0145813,0.40490267,-0.2
ssym_tr_r,-1.8683171,0.40502974,-2.1
ssym_tr_r,0.19411133,0.40486848,0.5
ssym_tr_r,-0.1298619,0.40487933,0.1
ssym_tr_r,-0.4071992,0.40490702,0.8
ssym_tr_r,0.41502118,0.4048775,-1.0
ssym_tr_r,-0.3652364,0.40487826,-1.1
ssym_tr_r,-0.9588572,0.40491298,0.7
ssym_tr_r,-0.43017596,0.40488598,0.6
ssym_tr_r,-0.0038129,0.40486893,0.4
ssym_tr_r,-0.5734822,0.4048696,-1.7
ssym_tr_r,-0.8507521,0.40490484,-0.1
ssym_tr_r,-0.049445536,0.40489978,-0.9
ssym_tr_r,-0.50900406,0.40492055,-0.9
ssym_tr_r,-1.0910647,0.4049225,-1.1
ssym_tr_r,-0.34347433,0.40489748,-0.4
ssym_tr_r,-0.2061011,0.40489092,0.7
ssym_tr_r,-1.711078,0.4049764,-2.6
ssym_tr_r,-0.8880466,0.4048874,-0.9
ssym_tr_r,-0.981307,0.40489334,-1.3
ssym_tr_r,0.0151765505,0.40487498,0.1
ssym_tr_r,-0.03705433,0.40488374,0.6
ssym_tr_r,-1.0062146,0.40489832,-0.7
ssym_tr_r,-0.8276802,0.40490183,-3.4
ssym_tr_r,0.32949057,0.40486327,0.5
ssym_tr_r,0.5166167,0.40487075,0.2
ssym_tr_r,0.16447532,0.4049048,-1.2
ssym_tr_r,-1.3675532,0.40492925,-0.4
ssym_tr_r,-0.695099,0.40487248,-1.2
ssym_tr_r,-1.0347867,0.40489492,-0.5
ssym_tr_r,-0.8884616,0.404885,-2.2
ssym_tr_r,-1.5180535,0.40494862,-0.3
ssym_tr_r,-0.23974396,0.40491542,-1.5
ssym_tr_r,-0.5960238,0.40486506,-0.4
ssym_tr_r,-1.0514764,0.40489694,-1.6
ssym_tr_r,-1.6444913,0.40496778,-3.4
ssym_tr_r,-1.5812175,0.40495777,-2.0
ssym_tr_r,-0.8519861,0.4048814,-0.6
ssym_tr_r,-0.46972632,0.4048607,-1.5
ssym_tr_r,-2.2133934,0.4052102,-4.5
ssym_tr_r,-1.1491565,0.40492392,-3.2
ssym_tr_r,-1.3727301,0.4049309,-2.5
ssym_tr_r,-1.0051078,0.40489125,-4.3
ssym_tr_r,-0.013818252,0.40488234,1.1
ssym_tr_r,-0.64755917,0.40486833,-1.0
ssym_tr_r,-1.8280154,0.4050173,-3.2
ssym_tr_r,-0.5628325,0.40487498,-0.2
ssym_tr_r,0.41772097,0.4048682,0.5
ssym_tr_r,-1.640121,0.40498886,-1.8
ssym_tr_r,-1.1163989,0.4049593,-0.6
ssym_tr_r,-0.4667849,0.4048652,0.3
ssym_tr_r,-1.7062956,0.4049885,-1.0
ssym_tr_r,-2.2801905,0.40520057,-3.8
ssym_tr_r,-0.86382353,0.40488842,0.2
ssym_tr_r,-1.3344675,0.40492362,-2.0
ssym_tr_r,-0.58968794,0.40486556,-0.4
ssym_tr_r,-1.7537581,0.40499017,-0.5
ssym_tr_r,-1.2676604,0.4049176,-1.5
ssym_tr_r,-1.5223407,0.40495536,-4.4
ssym_tr_r,-0.9906409,0.4048943,-2.8
ssym_tr_r,-0.58159393,0.40486923,-2.8
ssym_tr_r,0.018219693,0.4048572,-0.1
ssym_tr_r,-2.1250746,0.40509474,-4.9
ssym_tr_r,-1.6716087,0.40497214,-2.0
ssym_tr_r,-1.4909328,0.40495828,-3.2
ssym_tr_r,0.43792868,0.40489453,0.5
ssym_tr_r,-0.15753049,0.40486315,-0.1
ssym_tr_r,-0.7630715,0.404885,-0.4
ssym_tr_r,-0.95201856,0.40488842,-0.3
ssym_tr_r,-0.41659817,0.40487373,1.0
ssym_tr_r,-1.9829288,0.40504667,-2.2
ssym_tr_r,-1.2308265,0.40491298,-1.2
ssym_tr_r,-1.2791114,0.40492174,-0.8
ssym_tr_r,-0.4676117,0.404861,-0.1
ssym_tr_r,-1.8035047,0.40499586,-1.6
ssym_tr_r,-0.776374,0.4048767,-0.7
ssym_tr_r,-0.0163518,0.4048673,-0.2
ssym_tr_r,-1.8078725,0.40499824,-1.5
ssym_tr_r,-0.8833835,0.4048863,-0.8
ssym_tr_r,-1.8131582,0.404999,-3.0
ssym_tr_r,-0.13729924,0.4048836,0.1
ssym_tr_r,-0.054500677,0.40487623,-0.1
ssym_tr_r,0.007847197,0.40486827,0.2
ssym_tr_r,-0.40279508,0.40487772,-0.5
ssym_tr_r,0.0964558,0.40486267,-0.0
ssym_tr_r,-0.0476688,0.40487424,0.2
ssym_tr_r,-0.04253173,0.40487558,0.4
ssym_tr_r,-0.029603396,0.4048747,0.3
ssym_tr_r,0.039891813,0.40486357,0.3
ssym_tr_r,-1.1037058,0.4049267,-1.0
ssym_tr_r,-0.24867427,0.40487364,-1.4
ssym_tr_r,-0.055250283,0.40487507,-0.0
ssym_tr_r,-1.5927198,0.40500972,-2.7
ssym_tr_r,-0.18709858,0.40487835,-0.0
ssym_tr_r,-1.9685881,0.40506884,-2.6
ssym_tr_r,-1.6647267,0.4049757,-3.1
ssym_tr_r,-1.9207865,0.40506145,-3.1
ssym_tr_r,-0.8628322,0.40489194,0.7
ssym_tr_r,-0.09746096,0.40485665,1.3
ssym_tr_r,-1.4064044,0.40494803,-0.3
ssym_tr_r,-1.942231,0.4050287,-2.7
ssym_tr_r,-0.09079548,0.40488732,-0.1
ssym_tr_r,-0.16687118,0.40489158,0.1
ssym_tr_r,-1.283228,0.40493456,-2.8
ssym_tr_r,-2.0061836,0.40505874,-1.9
ssym_tr_r,-0.08211015,0.40487525,-0.6
ssym_tr_r,-0.107878186,0.40488186,0.1
ssym_tr_r,-2.1058586,0.4051187,-2.3
ssym_tr_r,-1.3887081,0.40493226,-1.0
ssym_tr_r,-1.9014769,0.40502286,-1.9
ssym_tr_r,-2.2569783,0.40534866,-3.9
ssym_tr_r,-1.9269197,0.4050248,-1.6
ssym_tr_r,-0.7048768,0.40487096,-0.3
ssym_tr_r,-1.7582754,0.40499333,-2.3
ssym_tr_r,-1.7568579,0.4050083,-1.7
ssym_tr_r,-0.93941975,0.40488702,-1.9
ssym_tr_r,-2.151218,0.40513209,-2.6
ssym_tr_r,-1.4801384,0.40494254,-0.8
ssym_tr_r,-2.097675,0.40515003,-1.2
ssym_tr_r,-0.78313833,0.40487623,-1.3
ssym_tr_r,-0.15817498,0.40488422,-0.4
ssym_tr_r,-1.4092078,0.40498772,-2.7
ssym_tr_r,0.005628523,0.40486446,-0.3
ssym_tr_r,-1.0560344,0.40489492,-1.0
ssym_tr_r,-1.8190155,0.40499914,-1.9
ssym_tr_r,-1.787058,0.4050498,-2.0
ssym_tr_r,-0.8386252,0.40488687,-0.4
ssym_tr_r,-2.4362924,0.40559903,-3.2
ssym_tr_r,-2.2949605,0.40523675,-3.4
ssym_tr_r,-1.2769017,0.40494558,-1.5
ssym_tr_r,-1.6400616,0.40499568,-0.5
ssym_tr_r,-1.3873369,0.40493995,-1.6
ssym_tr_r,-0.95135564,0.40489733,-1.1
ssym_tr_r,-0.14525397,0.40487233,-0.2
ssym_tr_r,-1.5256892,0.4049585,-1.5
ssym_tr_r,-1.1239529,0.4049149,-1.2
ssym_tr_r,-1.6066066,0.40501487,-0.9
ssym_tr_r,-0.34435403,0.40490493,-0.1
ssym_tr_r,-1.0395269,0.40490168,-0.3
ssym_tr_r,-1.6457317,0.40497395,-1.0
ssym_tr_r,-1.7685245,0.40498874,-0.7
ssym_tr_r,-0.79456925,0.4048982,-0.4
ssym_tr_r,-2.097944,0.40518782,-2.7
ssym_tr_r,-2.343702,0.40531456,-4.6
ssym_tr_r,-0.36590812,0.40486804,-0.4
ssym_tr_r,-0.33063853,0.40487802,-0.1
ssym_tr_r,-0.5640615,0.40488535,-0.3
ssym_tr_r,-0.6462932,0.4048711,-0.7
ssym_tr_r,-0.692459,0.40487313,-0.5
ssym_tr_r,-0.11707258,0.4048894,0.5
ssym_tr_r,-1.0196341,0.40491697,-0.8
ssym_tr_r,-0.2721577,0.40490094,-2.2
ssym_tr_r,-0.13232575,0.4048821,-0.8
ssym_tr_r,-0.094284855,0.40487772,0.1
ssym_tr_r,-0.07225902,0.4048767,0.4
ssym_tr_r,-0.11276568,0.40488562,0.1
ssym_tr_r,-0.070848994,0.4048811,0.9
ssym_tr_r,-0.14973019,0.4048845,-1.9
ssym_tr_r,-0.3732146,0.40489477,0.5
ssym_tr_r,-0.06798111,0.40487134,-0.1
ssym_tr_r,-0.5993911,0.40491235,-1.4
ssym_tr_r,0.03865422,0.4048599,-0.4
ssym_tr_r,-1.4027376,0.40493634,-1.3
ssym_tr_r,-0.73648566,0.40489507,-0.4
ssym_tr_r,-0.06885975,0.40488303,0.2
ssym_tr_r,-0.2783953,0.40487975,-0.3
ssym_tr_r,-0.7602502,0.40496156,-1.5
ssym_tr_r,-0.34027633,0.40488398,-0.4
ssym_tr_r,-1.7588598,0.40499172,-1.3
ssym_tr_r,-1.1128438,0.40494543,-1.4
ssym_tr_r,-0.8524506,0.4049147,-0.4
ssym_tr_r,-1.4489168,0.40494847,-1.4
ssym_tr_r,-1.2336323,0.40495896,-1.3
ssym_tr_r,-0.700932,0.4049002,-0.4
ssym_tr_r,-0.5022134,0.40488142,0.3
ssym_tr_r,-0.5843618,0.40492126,-0.2
ssym_tr_r,-0.88964415,0.4049502,-0.8
ssym_tr_r,-0.20701277,0.40485474,-0.5
ssym_tr_r,-0.792633,0.40492862,-2.5
ssym_tr_r,-0.18574187,0.40486142,-0.4
ssym_tr_r,-0.016175102,0.4048549,-0.2
ssym_tr_r,-0.18777795,0.4048603,0.1
ssym_tr_r,-0.32876173,0.40488592,-0.0
ssym_tr_r,-0.7547171,0.40487882,-1.0
ssym_tr_r,0.033709582,0.40485677,0.1
ssym_tr_r,-0.24377346,0.4048756,-0.4
ssym_tr_r,-0.119638465,0.40487048,-1.9
ssym_tr_r,-0.99470127,0.4048992,-0.1
ssym_tr_r,-1.0119895,0.4049247,-1.6
ssym_tr_r,-0.08332653,0.40487447,-0.2
ssym_tr_r,-0.42465028,0.40487382,-0.4
ssym_tr_r,-1.9755511,0.4050625,-3.8
ssym_tr_r,-1.4732265,0.40501034,-1.7
ssym_tr_r,-0.86313,0.40488663,-1.2
ssym_tr_r,-2.0886219,0.40511447,-4.3
ssym_tr_r,-2.1976914,0.40523195,-3.7
ssym_tr_r,-0.33915114,0.40487888,-1.1
ssym_tr_r,0.4096278,0.40486577,0.2
ssym_tr_r,0.2262034,0.40486333,-1.2
ssym_tr_r,0.19400695,0.4048574,1.4
ssym_tr_r,0.10722429,0.40486342,-3.2
ssym_tr_r,-0.20270558,0.4048569,-0.6
ssym_tr_r,-0.8556885,0.40488133,-2.0
ssym_tr_r,-1.1493553,0.40490457,-1.7
ssym_tr_r,-0.7258346,0.40488186,-0.4
ssym_tr_r,-0.5645153,0.40493345,-1.0
ssym_tr_r,-1.2618965,0.40492845,-4.2
ssym_tr_r,-0.088068776,0.4048731,0.2
ssym_tr_r,-0.07782262,0.40488562,0.1
ssym_tr_r,-0.25402978,0.40487897,-0.1
ssym_tr_r,0.04654831,0.40486357,0.1
ssym_tr_r,0.054841954,0.40485856,0.2
ssym_tr_r,-1.0481743,0.4049022,-0.7
ssym_tr_r,-0.23257765,0.40487075,0.1
ssym_tr_r,-0.076915056,0.40487376,0.3
ssym_tr_r,0.81404746,0.4049411,-0.1
ssym_tr_r,-0.040284343,0.4048681,0.4
ssym_tr_r,-0.41335404,0.4048957,-0.0
ssym_tr_r,0.22902206,0.4048821,0.4
ssym_tr_r,-0.5130174,0.40487248,-0.7
ssym_tr_r,-1.4314318,0.40493986,-2.2
ssym_tr_r,-1.3200802,0.4049229,-2.6
ssym_tr_r,-0.018040042,0.40487233,-0.7
ssym_tr_r,-0.51643395,0.40488982,0.3
ssym_tr_r,-0.13025631,0.40488216,-1.2
ssym_tr_r,-0.7044372,0.404889,-1.7
ssym_tr_r,-0.77041847,0.4048863,-1.5
ssym_tr_r,-0.7590172,0.40489233,-1.2
ssym_tr_r,0.0403719,0.4048846,0.6
ssym_tr_r,-0.5164027,0.4048974,-1.1
ssym_tr_r,-0.662202,0.40488642,-0.8
ssym_tr_r,-0.43591505,0.4048888,-1.1
ssym_tr_r,-0.42807555,0.40489978,-1.3
ssym_tr_r,-0.7103568,0.40491974,-0.5
ssym_tr_r,-1.1346077,0.4049396,-2.3
ssym_tr_r,-1.3197162,0.40492162,-1.1
ssym_tr_r,-0.6512294,0.4049061,-2.4
ssym_tr_r,-0.69210863,0.404905,-2.1
ssym_tr_r,-0.11063057,0.4048957,0.3
ssym_tr_r,-0.3845636,0.404957,-1.5
ssym_tr_r,0.17666431,0.40488178,0.3
ssym_tr_r,-0.51831824,0.4048674,0.7
ssym_tr_r,-0.91807544,0.40488955,-0.0
ssym_tr_r,-2.3383627,0.4053311,-3.0
ssym_tr_r,-1.3284326,0.40495652,-2.3
ssym_tr_r,-0.73453784,0.40488648,-0.4
ssym_tr_r,-1.2860649,0.40493026,-1.4
ssym_tr_r,-0.118427694,0.40488428,0.5
ssym_tr_r,0.0126372045,0.4048667,0.6
ssym_tr_r,0.018651217,0.4048851,-0.6
ssym_tr_r,-0.8649116,0.4048863,-0.0
ssym_tr_r,0.0008421602,0.40486434,0.8
ssym_tr_r,-0.795652,0.4049361,-0.6
ssym_tr_r,-0.41523063,0.40491587,-0.5
ssym_tr_r,-0.9387169,0.4049136,-2.0
ssym_tr_r,0.05393531,0.40488642,0.4
ssym_tr_r,-0.67824465,0.40488464,-2.7
ssym_tr_r,0.2402189,0.4049088,-1.1
ssym_tr_r,-0.015403099,0.4049151,-0.6
ssym_tr_r,-1.1394718,0.4049179,-4.9
ssym_tr_r,-2.1685896,0.40515116,-3.5
ssym_tr_r,-0.930451,0.40490103,-2.4
ssym_tr_r,-1.1032351,0.4049125,-4.7
ssym_tr_r,-1.6290466,0.4049709,-2.6
ssym_tr_r,-1.5326135,0.4049663,-4.5
ssym_tr_r,-2.006535,0.40506098,-3.0
ssym_tr_r,-1.6938754,0.404974,-3.1
ssym_tr_r,-0.10692494,0.4048559,-0.3
ssym_tr_r,-2.0627677,0.40508223,-2.6
ssym_tr_r,-1.6594632,0.4049704,-2.5
ssym_tr_r,-0.45477453,0.40486053,-0.0
ssym_tr_r,-0.39495724,0.40486002,0.6
ssym_tr_r,0.118433855,0.40489146,1.0
ssym_tr_r,0.31162927,0.4049096,2.3
ssym_tr_r,-0.016782694,0.40492213,2.1
ssym_tr_r,0.5272664,0.40488485,0.9
ssym_tr_r,1.4472182,0.40510172,1.9
ssym_tr_r,-0.18306,0.40492213,0.1
ssym_tr_r,-0.023938872,0.40488914,-0.9
ssym_tr_r,-0.07813816,0.40485436,1.0
ssym_tr_r,-0.7680363,0.40493652,-0.5
ssym_tr_r,0.26237318,0.404861,1.1
ssym_tr_r,-0.0009767248,0.4048638,0.4
ssym_tr_r,0.5580956,0.4048707,1.7
ssym_tr_r,-0.041088983,0.4048733,1.3
ssym_tr_r,0.5347135,0.40486905,1.9
ssym_tr_r,-0.13067672,0.40489954,0.2
ssym_tr_r,-0.25144747,0.40492103,0.9
ssym_tr_r,0.042590592,0.4049089,0.9
ssym_tr_r,-0.97562563,0.40502274,-0.8
ssym_tr_r,-0.059264142,0.4048695,-1.2
ssym_tr_r,-1.3797716,0.40492803,-0.9
ssym_tr_r,-0.14626181,0.4048691,1.0
ssym_tr_r,0.09161214,0.40485942,-0.2
ssym_tr_r,-0.5981961,0.40487945,-0.9
ssym_tr_r,-0.3955019,0.40490884,-2.1
ssym_tr_r,-0.7970147,0.40489233,-1.2
ssym_tr_r,-0.67228514,0.40487623,-0.9
ssym_tr_r,-1.2159008,0.40495223,-0.7
ssym_tr_r,-0.17645866,0.4048725,-0.3
ssym_tr_r,0.8671654,0.4049107,-0.4
ssym_tr_r,0.08851895,0.40486553,0.5
ssym_tr_r,-0.47641402,0.40496036,-0.5
ssym_tr_r,-1.4536567,0.4049706,-5.7
ssym_tr_r,-1.5503993,0.40495974,-1.2
ssym_tr_r,-2.5869315,0.40596873,-5.9
ssym_tr_r,-2.5792496,0.40591583,-5.0
ssym_tr_r,-2.0048919,0.40507126,-6.9
p53_tr_d,0.022985863,0.40485865,-0.24
p53_tr_d,-0.07021337,0.4048588,-0.35
p53_tr_d,-0.3650321,0.40485814,-0.49
p53_tr_d,0.23853743,0.40486288,0.1
p53_tr_d,1.4614741,0.40497866,3.98
p53_tr_d,0.020828107,0.4048595,-0.05
p53_tr_d,1.3584893,0.4049908,3.19
p53_tr_d,-0.8005821,0.4049005,-0.27
p53_tr_d,0.94498,0.4049011,3.18
p53_tr_d,-0.45836678,0.40488422,-1.49
p53_tr_d,1.0531555,0.40493423,3.07
p53_tr_d,1.3751439,0.4049445,1.21
p53_tr_d,-0.17150812,0.40487397,1.87
p53_tr_d,0.18625006,0.4048678,1.92
p53_tr_d,0.3738444,0.4049002,3.29
p53_tr_d,0.08536491,0.40485764,0.32
p53_tr_d,-0.42089853,0.4048606,-1.21
p53_tr_d,1.1951767,0.40495348,4.54
p53_tr_d,1.834426,0.40516,4.12
p53_tr_d,0.13404287,0.40485615,-0.16
p53_tr_d,1.5008113,0.40498382,3.52
p53_tr_d,1.2007868,0.4050169,0.73
p53_tr_d,-0.097677745,0.40486544,-0.11
p53_tr_d,0.14222048,0.4048691,0.13
p53_tr_d,0.012655885,0.4048609,0.7
p53_tr_d,0.0038381927,0.40486225,0.38
p53_tr_d,0.066682324,0.40485778,0.19
p53_tr_d,-0.45220748,0.4048619,-0.3
p53_tr_d,1.680298,0.40499902,4.78
p53_tr_d,1.854677,0.40521136,3.5
p53_tr_d,0.124478795,0.40490144,0.45
p53_tr_d,2.0445278,0.40517175,2.98
p53_tr_d,-0.19066836,0.4048559,-0.22
p53_tr_d,0.0051064943,0.40485904,0.08
p53_tr_d,1.7876579,0.40502778,4.49
p53_tr_d,1.8893703,0.40510124,3.88
p53_tr_d,-0.16940017,0.40486592,1.27
p53_tr_d,-0.16671465,0.40486288,0.43
p53_tr_d,0.41528934,0.40489745,2.75
p53_tr_d,0.13455819,0.40485612,0.22
p53_tr_d,-0.013853721,0.40485537,0.43
p53_tr_d,0.91791195,0.40492314,3.3
p53_tr_r,-0.051533345,0.4048677,0.24
p53_tr_r,0.058745865,0.40486115,0.35
p53_tr_r,0.5451173,0.4048691,0.49
p53_tr_r,-0.25169188,0.4048695,-0.1
p53_tr_r,-1.3618038,0.4049598,-3.98
p53_tr_r,-0.011222043,0.40486568,0.05
p53_tr_r,-1.3925511,0.4049774,-3.19
p53_tr_r,0.8937729,0.40489054,0.27
p53_tr_r,-0.7902264,0.40490162,-3.18
p53_tr_r,0.53859854,0.40490484,1.49
p53_tr_r,-1.2980368,0.4049523,-3.07
p53_tr_r,-1.4376351,0.40496063,-1.21
p53_tr_r,0.03861057,0.40489796,-1.87
p53_tr_r,-0.10937235,0.404895,-1.92
p53_tr_r,-0.42681378,0.40486014,-3.29
p53_tr_r,-0.15033269,0.40486923,-0.32
p53_tr_r,0.25336003,0.4048599,1.21
p53_tr_r,-1.4746127,0.40494695,-4.54
p53_tr_r,-1.833808,0.40502182,-4.12
p53_tr_r,-0.1578308,0.40485957,0.16
p53_tr_r,-1.3040946,0.40493718,-3.52
p53_tr_r,-1.041464,0.40496287,-0.73
p53_tr_r,0.07072477,0.4048564,0.11
p53_tr_r,-0.20966524,0.40491948,-0.13
p53_tr_r,-0.03354988,0.40486076,-0.7
p53_tr_r,0.0139210485,0.40485865,-0.38
p53_tr_r,-0.053741943,0.4048613,-0.19
p53_tr_r,0.294165,0.40488604,0.3
p53_tr_r,-1.7495146,0.40500322,-4.78
p53_tr_r,-1.9529533,0.4050793,-3.5
p53_tr_r,0.058008257,0.40489152,-0.45
p53_tr_r,-2.1451657,0.40510273,-2.98
p53_tr_r,0.21581528,0.40485936,0.22
p53_tr_r,-0.028673371,0.4048595,-0.08
p53_tr_r,-1.8507779,0.40501228,-4.49
p53_tr_r,-1.8757036,0.4050115,-3.88
p53_tr_r,0.07274786,0.40485585,-1.27
p53_tr_r,0.1447323,0.40485662,-0.43
p53_tr_r,-0.26003036,0.40492567,-2.75
p53_tr_r,-0.17385982,0.40485802,-0.22
p53_tr_r,0.04897829,0.4048652,-0.43
p53_tr_r,-0.9737921,0.40490648,-3.3
myoglobin_tr_d,1.4115587,0.40501016,2.06
myoglobin_tr_d,1.6397206,0.4050385,1.1
myoglobin_tr_d,1.5114515,0.40506873,1.4
myoglobin_tr_d,0.4960822,0.40489686,0.0
myoglobin_tr_d,1.0447749,0.40499327,0.6
myoglobin_tr_d,0.80323726,0.4049033,0.8
myoglobin_tr_d,1.9736489,0.40511596,0.9
myoglobin_tr_d,2.3942351,0.40545768,2.1
myoglobin_tr_d,2.2981958,0.40532383,2.1
myoglobin_tr_d,1.744068,0.4050521,2.2
myoglobin_tr_d,0.62381303,0.40492612,1.1
myoglobin_tr_d,1.0031164,0.40493456,0.9
myoglobin_tr_d,0.94677085,0.40494433,0.45
myoglobin_tr_d,0.5320707,0.40489468,0.35
myoglobin_tr_d,-0.235451,0.4048666,0.15
myoglobin_tr_d,-0.042886492,0.404856,-0.25
myoglobin_tr_d,0.75958997,0.40490183,0.65
myoglobin_tr_d,1.536957,0.40498084,0.5
myoglobin_tr_d,0.2943042,0.4048934,-0.2
myoglobin_tr_d,0.675846,0.40491828,0.95
myoglobin_tr_d,-0.42204353,0.40488285,0.1
myoglobin_tr_d,0.533363,0.40492555,0.05
myoglobin_tr_d,0.111098066,0.40485686,0.35
myoglobin_tr_d,2.0976596,0.40515587,3.5
myoglobin_tr_d,2.3942351,0.40545776,3.7
myoglobin_tr_d,1.9736501,0.40511462,2.3
myoglobin_tr_d,0.4988384,0.4049058,0.8
myoglobin_tr_d,1.3439765,0.40500447,2.25
myoglobin_tr_d,0.61502975,0.40493435,0.79
myoglobin_tr_d,1.0347335,0.4049708,1.54
myoglobin_tr_d,1.7737597,0.40522557,1.7
myoglobin_tr_d,1.2420994,0.40498522,0.6
myoglobin_tr_d,0.7703331,0.40495262,0.7
myoglobin_tr_d,0.44086376,0.4049081,0.3
myoglobin_tr_d,1.0447747,0.4049935,0.57
myoglobin_tr_d,1.0039911,0.40498286,0.17
myoglobin_tr_d,1.3294116,0.40507245,0.6
myoglobin_tr_d,-0.41160494,0.40489593,-0.35
myoglobin_tr_d,1.0694652,0.40498015,0.07
myoglobin_tr_d,0.12601154,0.40489718,-0.42
myoglobin_tr_d,-0.01618166,0.40491366,-0.38
myoglobin_tr_d,1.6734096,0.4049964,0.85
myoglobin_tr_d,0.27546442,0.40487787,-0.23
myoglobin_tr_d,-0.08272669,0.4048755,-0.19
myoglobin_tr_d,0.89612144,0.40498036,0.04
myoglobin_tr_d,0.101014234,0.40492767,0.08
myoglobin_tr_d,0.21923737,0.404929,0.33
myoglobin_tr_d,0.2860853,0.40494043,-0.23
myoglobin_tr_d,1.6357607,0.40533257,1.18
myoglobin_tr_d,-0.05848207,0.40494338,-0.36
myoglobin_tr_d,-0.6785462,0.40500453,-0.61
myoglobin_tr_d,-0.4676705,0.40497202,-0.52
myoglobin_tr_d,-0.011874658,0.4048765,-0.02
myoglobin_tr_d,0.43730155,0.4049218,-0.47
myoglobin_tr_d,0.19357832,0.40493953,-0.49
myoglobin_tr_d,-0.6527503,0.40501973,-0.81
myoglobin_tr_d,0.60631806,0.40493518,0.07
myoglobin_tr_d,1.8665224,0.40520498,0.47
myoglobin_tr_d,1.6889453,0.4050697,0.53
myoglobin_tr_d,1.5469637,0.40500712,0.28
myoglobin_tr_d,1.4115577,0.40501142,0.53
myoglobin_tr_d,0.24082835,0.4048623,-0.4
myoglobin_tr_d,0.09795964,0.40485552,-0.6
myoglobin_tr_d,0.25043198,0.40486237,-0.1
myoglobin_tr_d,-0.26658863,0.4049628,-0.38
myoglobin_tr_d,1.1780916,0.4050198,0.1
myoglobin_tr_d,0.6570741,0.40495223,0.0
myoglobin_tr_d,0.86483526,0.40498632,0.02
myoglobin_tr_d,0.32035816,0.40488186,0.17
myoglobin_tr_d,0.2979902,0.40486345,-0.5
myoglobin_tr_d,0.0024578595,0.4048575,0.89
myoglobin_tr_d,1.6409292,0.40510234,1.92
myoglobin_tr_d,1.4853553,0.40503708,1.6
myoglobin_tr_d,1.305036,0.4049312,1.41
myoglobin_tr_d,0.4895415,0.4049226,1.45
myoglobin_tr_d,0.44086382,0.40490797,1.78
myoglobin_tr_d,0.073295645,0.404857,1.12
myoglobin_tr_d,0.6720337,0.40493608,0.41
myoglobin_tr_d,1.2420938,0.40499204,0.44
myoglobin_tr_d,0.0990395,0.40485606,0.26
myoglobin_tr_d,0.24345402,0.4048796,0.26
myoglobin_tr_d,0.49608228,0.40489686,0.67
myoglobin_tr_d,0.5175129,0.40487456,-0.89
myoglobin_tr_d,-0.51416,0.40486535,-0.16
myoglobin_tr_d,0.3409527,0.40487108,-0.75
myoglobin_tr_d,-0.6278374,0.40486905,-1.05
myoglobin_tr_d,-0.2634088,0.40485725,0.68
myoglobin_tr_d,-0.031187464,0.4048575,0.26
myoglobin_tr_d,0.5612782,0.40492445,0.11
myoglobin_tr_d,0.8179126,0.40498433,-0.04
myoglobin_tr_d,0.28132066,0.4048703,0.05
myoglobin_tr_d,-0.011874652,0.40487656,0.45
myoglobin_tr_d,0.1702698,0.4048592,0.62
myoglobin_tr_d,0.80323714,0.40490347,1.3
myoglobin_tr_d,-0.31157213,0.4048643,0.52
myoglobin_tr_d,1.8665223,0.40520525,2.04
myoglobin_tr_d,1.8109521,0.40511447,1.9
myoglobin_tr_d,2.1231174,0.4055716,0.39
myoglobin_tr_d,0.62930804,0.40489656,-0.59
myoglobin_tr_d,-0.03373186,0.40492883,-0.12
myoglobin_tr_d,-0.50798756,0.4048682,0.35
myoglobin_tr_d,2.3550644,0.40565783,5.59
myoglobin_tr_d,2.1231172,0.4055716,2.37
myoglobin_tr_d,1.5454397,0.40506494,1.72
myoglobin_tr_d,0.91080797,0.4049777,-0.12
myoglobin_tr_d,0.9596454,0.40494865,1.12
myoglobin_tr_d,1.6409346,0.4050971,1.1
myoglobin_tr_d,0.7140946,0.40492845,0.12
myoglobin_tr_d,-0.3154997,0.40486917,-0.93
myoglobin_tr_d,0.10158433,0.40487012,-0.63
myoglobin_tr_d,2.0002599,0.40528968,1.84
myoglobin_tr_d,0.99229866,0.40495384,1.14
myoglobin_tr_d,1.3203204,0.40494972,0.64
myoglobin_tr_d,1.4115605,0.40500852,1.33
myoglobin_tr_d,-0.07397714,0.40485692,-0.04
myoglobin_tr_d,1.1231635,0.4049724,0.56
myoglobin_tr_d,0.91659486,0.40494737,0.13
myoglobin_tr_d,1.2989866,0.404967,0.55
myoglobin_tr_d,0.89496726,0.40494645,1.09
myoglobin_tr_d,-0.03373186,0.40492883,-0.58
myoglobin_tr_d,1.0447749,0.40499336,1.67
myoglobin_tr_d,1.9699107,0.4051849,2.99
myoglobin_tr_d,1.8278246,0.4050992,3.81
myoglobin_tr_d,1.7894341,0.40508723,2.42
myoglobin_tr_d,1.3294115,0.4050727,0.93
myoglobin_tr_d,-0.016181665,0.40491366,-0.82
myoglobin_tr_d,-0.6527503,0.40501973,-1.51
myoglobin_tr_d,-0.67854625,0.4050044,-1.05
myoglobin_tr_d,0.19357835,0.4049396,-0.58
myoglobin_tr_d,-0.011874648,0.40487656,0.54
myoglobin_tr_d,0.3391478,0.40490118,0.89
myoglobin_tr_d,0.55009997,0.4049344,2.66
myoglobin_tr_d,1.4176022,0.40504542,2.23
myoglobin_tr_d,1.639177,0.40517285,0.43
myoglobin_tr_r,-1.5424086,0.4049506,-2.06
myoglobin_tr_r,-1.8262209,0.40500674,-1.1
myoglobin_tr_r,-1.728713,0.40507075,-1.4
myoglobin_tr_r,-0.5887921,0.40487584,-0.0
myoglobin_tr_r,-1.1395192,0.4049231,-0.6
myoglobin_tr_r,-0.7730856,0.4049525,-0.8
myoglobin_tr_r,-1.788598,0.40500683,-0.9
myoglobin_tr_r,-2.3170574,0.40523675,-2.1
myoglobin_tr_r,-2.4166293,0.40537578,-2.1
myoglobin_tr_r,-1.7793596,0.4049866,-2.2
myoglobin_tr_r,-0.6261199,0.40486827,-1.1
myoglobin_tr_r,-1.0141332,0.40491602,-0.9
myoglobin_tr_r,-0.7932413,0.40488967,-0.45
myoglobin_tr_r,-0.53567606,0.40490848,-0.35
myoglobin_tr_r,0.19657335,0.40487936,-0.15
myoglobin_tr_r,0.031927805,0.40486506,0.25
myoglobin_tr_r,-0.5874665,0.40492073,-0.65
myoglobin_tr_r,-1.6718227,0.40502754,-0.5
myoglobin_tr_r,-0.298676,0.4049258,0.2
myoglobin_tr_r,-0.54559046,0.40491414,-0.95
myoglobin_tr_r,0.49555808,0.40491772,-0.1
myoglobin_tr_r,-0.5264889,0.40493244,-0.05
myoglobin_tr_r,-0.11232641,0.40488353,-0.35
myoglobin_tr_r,-2.227007,0.40515503,-3.5
myoglobin_tr_r,-2.3170657,0.40523142,-3.7
myoglobin_tr_r,-1.788597,0.4050075,-2.3
myoglobin_tr_r,-0.47699863,0.40486145,-0.8
myoglobin_tr_r,-1.4431751,0.4049413,-2.25
myoglobin_tr_r,-0.62570304,0.40487155,-0.79
myoglobin_tr_r,-1.1400756,0.40490103,-1.54
myoglobin_tr_r,-1.9167653,0.4050792,-1.7
myoglobin_tr_r,-1.2124891,0.4049573,-0.6
myoglobin_tr_r,-0.7020518,0.40496394,-0.7
myoglobin_tr_r,-0.41334096,0.40492228,-0.3
myoglobin_tr_r,-1.1395191,0.40492344,-0.57
myoglobin_tr_r,-1.0835822,0.40492365,-0.17
myoglobin_tr_r,-1.4598001,0.40501076,-0.6
myoglobin_tr_r,0.38408324,0.40486366,0.35
myoglobin_tr_r,-1.178222,0.40492907,-0.07
myoglobin_tr_r,-0.061304454,0.404876,0.42
myoglobin_tr_r,0.061477542,0.4048732,0.38
myoglobin_tr_r,-1.737495,0.40500784,-0.85
myoglobin_tr_r,-0.27409902,0.4048996,0.23
myoglobin_tr_r,0.061243057,0.4048824,0.19
myoglobin_tr_r,-0.8225665,0.40496728,-0.04
myoglobin_tr_r,0.08909308,0.404913,-0.08
myoglobin_tr_r,0.009233851,0.4049208,-0.33
myoglobin_tr_r,-0.10677666,0.4049302,0.23
myoglobin_tr_r,-1.7674494,0.40502745,-1.18
myoglobin_tr_r,0.32939726,0.40490296,0.36
myoglobin_tr_r,0.923712,0.40498558,0.61
myoglobin_tr_r,0.7679889,0.40495625,0.52
myoglobin_tr_r,0.25376126,0.4048713,0.02
myoglobin_tr_r,-0.3361459,0.40493682,0.47
myoglobin_tr_r,0.06281797,0.40491563,0.49
myoglobin_tr_r,0.9511354,0.4050066,0.81
myoglobin_tr_r,-0.38561013,0.40488172,-0.07
myoglobin_tr_r,-1.8796161,0.40512928,-0.47
myoglobin_tr_r,-1.592753,0.40501347,-0.53
myoglobin_tr_r,-1.5644504,0.40495315,-0.28
myoglobin_tr_r,-1.5424067,0.40495214,-0.53
myoglobin_tr_r,-0.20085406,0.4048863,0.4
myoglobin_tr_r,-0.06884575,0.40487757,0.6
myoglobin_tr_r,-0.18849352,0.40488586,0.1
myoglobin_tr_r,0.4720352,0.4049115,0.38
myoglobin_tr_r,-1.1713064,0.40490538,-0.1
myoglobin_tr_r,-0.63640606,0.4048677,-0.0
myoglobin_tr_r,-0.86035544,0.40488154,-0.02
myoglobin_tr_r,-0.29309812,0.4049135,-0.17
myoglobin_tr_r,-0.31395644,0.40487602,0.5
myoglobin_tr_r,-0.035739463,0.40488687,-0.89
myoglobin_tr_r,-1.6914946,0.405041,-1.92
myoglobin_tr_r,-1.5183476,0.40497106,-1.6
myoglobin_tr_r,-1.358745,0.40492705,-1.41
myoglobin_tr_r,-0.48753136,0.4049143,-1.45
myoglobin_tr_r,-0.41334096,0.40492237,-1.78
myoglobin_tr_r,-0.017013047,0.40488732,-1.12
myoglobin_tr_r,-0.7244092,0.40489554,-0.41
myoglobin_tr_r,-1.2124891,0.40495718,-0.44
myoglobin_tr_r,-0.04988514,0.40487397,-0.26
myoglobin_tr_r,-0.25356138,0.40490907,-0.26
myoglobin_tr_r,-0.58879226,0.40487576,-0.67
myoglobin_tr_r,-0.48371395,0.40487638,0.89
myoglobin_tr_r,0.36685184,0.40486464,0.16
myoglobin_tr_r,-0.3606793,0.4048598,0.75
myoglobin_tr_r,0.77460885,0.40491915,1.05
myoglobin_tr_r,0.3512088,0.40486163,-0.68
myoglobin_tr_r,0.051025316,0.40485805,-0.26
myoglobin_tr_r,-0.4851499,0.4049265,-0.11
myoglobin_tr_r,-0.8018802,0.40494606,0.04
myoglobin_tr_r,-0.25995532,0.4048913,-0.05
myoglobin_tr_r,0.25376123,0.40487137,-0.45
myoglobin_tr_r,-0.28481323,0.4048955,-0.62
myoglobin_tr_r,-0.77308553,0.40495262,-1.3
myoglobin_tr_r,0.20578924,0.4048603,-0.52
myoglobin_tr_r,-1.8796151,0.4051302,-2.04
myoglobin_tr_r,-1.8315353,0.40501878,-1.9
myoglobin_tr_r,-2.2348726,0.40524518,-0.39
myoglobin_tr_r,-0.5859383,0.4048853,0.59
myoglobin_tr_r,-0.09365797,0.4048825,0.12
myoglobin_tr_r,0.3090578,0.40486544,-0.35
myoglobin_tr_r,-2.3798726,0.40534037,-5.59
myoglobin_tr_r,-2.234863,0.40525123,-2.37
myoglobin_tr_r,-1.5202678,0.40494832,-1.72
myoglobin_tr_r,-0.8235986,0.40487894,0.12
myoglobin_tr_r,-0.8753561,0.4048892,-1.12
myoglobin_tr_r,-1.6914942,0.40504116,-1.1
myoglobin_tr_r,-0.73319304,0.40488192,-0.12
myoglobin_tr_r,0.31544685,0.40486208,0.93
myoglobin_tr_r,-0.14156961,0.4048573,0.63
myoglobin_tr_r,-2.1402335,0.4051857,-1.84
myoglobin_tr_r,-1.0428303,0.40489578,-1.14
myoglobin_tr_r,-1.2234437,0.40491715,-0.64
myoglobin_tr_r,-1.5424062,0.4049527,-1.33
myoglobin_tr_r,0.058718983,0.40485725,0.04
myoglobin_tr_r,-1.1750044,0.4049096,-0.56
myoglobin_tr_r,-0.76729596,0.4048772,-0.13
myoglobin_tr_r,-1.281893,0.40491867,-0.55
myoglobin_tr_r,-0.99466753,0.40490124,-1.09
myoglobin_tr_r,-0.093657956,0.40488255,0.58
myoglobin_tr_r,-1.1395186,0.40492392,-1.67
myoglobin_tr_r,-2.0414524,0.4051097,-2.99
myoglobin_tr_r,-1.8708347,0.40503228,-3.81
myoglobin_tr_r,-1.8917524,0.4050268,-2.42
myoglobin_tr_r,-1.4598001,0.40501097,-0.93
myoglobin_tr_r,0.06147754,0.40487325,0.82
myoglobin_tr_r,0.95113546,0.40500638,1.51
myoglobin_tr_r,0.9237121,0.4049858,1.05
myoglobin_tr_r,0.062817976,0.40491563,0.58
myoglobin_tr_r,0.25376123,0.40487137,-0.54
myoglobin_tr_r,-0.26076725,0.40490687,-0.89
myoglobin_tr_r,-0.48419774,0.4049336,-2.66
myoglobin_tr_r,-1.5893797,0.4049946,-2.23
myoglobin_tr_r,-1.7783765,0.40513277,-0.43
S669_tr_d,0.91217047,0.40489805,1.8
S669_tr_d,0.8018974,0.40489295,2.69
S669_tr_d,0.056385927,0.40485573,1.98
S669_tr_d,0.5405351,0.40488264,1.7
S669_tr_d,1.5699288,0.40497068,1.36
S669_tr_d,0.35158652,0.40487006,2.05
S669_tr_d,0.26113662,0.40487498,3.01
S669_tr_d,0.23604774,0.40486804,0.6
S669_tr_d,0.39364314,0.40489605,2.88
S669_tr_d,0.08349196,0.40485537,1.36
S669_tr_d,0.573911,0.40489078,1.86
S669_tr_d,0.5056132,0.40488732,2.02
S669_tr_d,0.40436918,0.40488577,2.88
S669_tr_d,0.40797126,0.4048746,1.97
S669_tr_d,0.07819722,0.40485513,0.263
S669_tr_d,-0.19078107,0.40486225,0.287
S669_tr_d,1.0629972,0.40493673,1.745
S669_tr_d,-0.03784729,0.4048584,-0.287
S669_tr_d,0.7886208,0.40488756,0.7
S669_tr_d,0.15027371,0.40485713,0.4
S669_tr_d,0.09260002,0.4048781,0.821
S669_tr_d,0.044902332,0.40486434,0.04
S669_tr_d,1.1388406,0.40501535,-0.91
S669_tr_d,2.082477,0.4056768,3.77
S669_tr_d,0.5474748,0.40491313,0.41
S669_tr_d,0.28958887,0.40487498,0.13
S669_tr_d,1.5904374,0.40514717,3.1
S669_tr_d,2.1682372,0.4054695,3.62
S669_tr_d,1.7430172,0.4053105,0.82
S669_tr_d,2.3617113,0.40640354,3.56
S669_tr_d,2.0779512,0.4057221,2.94
S669_tr_d,1.9781767,0.40537003,3.21
S669_tr_d,2.3730347,0.4067108,2.76
S669_tr_d,0.055408023,0.4048853,1.46
S669_tr_d,1.6063544,0.40500566,2.21
S669_tr_d,1.6797142,0.4051797,1.81
S669_tr_d,2.094706,0.40526277,1.93
S669_tr_d,1.4444469,0.4050838,2.41
S669_tr_d,2.4055812,0.40605947,3.25
S669_tr_d,1.92954,0.4051591,1.92
S669_tr_d,1.1805105,0.4050155,2.33
S669_tr_d,0.6834169,0.4049111,0.4
S669_tr_d,0.9611228,0.4049358,1.23
S669_tr_d,2.023211,0.40532884,2.55
S669_tr_d,0.94103295,0.4049356,0.31
S669_tr_d,1.8588746,0.40522483,2.33
S669_tr_d,0.54007465,0.4049011,2.36
S669_tr_d,1.9445553,0.40526596,2.37
S669_tr_d,0.9766662,0.4049787,0.59
S669_tr_d,-0.6960549,0.4049043,-0.61
S669_tr_d,0.043172278,0.40485987,0.46
S669_tr_d,0.24122651,0.40486827,0.58
S669_tr_d,0.8995026,0.40490022,0.3
S669_tr_d,0.19101769,0.40486565,0.98
S669_tr_d,1.1162952,0.404919,1.52
S669_tr_d,0.4589584,0.40489516,0.21
S669_tr_d,0.3050171,0.4048696,0.56
S669_tr_d,0.21042778,0.40486357,-0.03
S669_tr_d,0.15293793,0.4048573,-0.33
S669_tr_d,-0.030147707,0.40485469,0.2
S669_tr_d,0.9957825,0.4049111,0.34
S669_tr_d,0.7152503,0.40488303,1.53
S669_tr_d,2.423645,0.40644506,3.52
S669_tr_d,2.141997,0.40578467,2.88
S669_tr_d,2.3934205,0.40634245,2.22
S669_tr_d,2.1601257,0.4055592,3.49
S669_tr_d,2.5622408,0.407921,3.19
S669_tr_d,2.3178792,0.4060202,4.28
S669_tr_d,0.18888856,0.40486237,-0.05
S669_tr_d,0.31317928,0.4048772,-0.01
S669_tr_d,0.7369409,0.4048907,0.31
S669_tr_d,0.6295325,0.40488225,-0.35
S669_tr_d,0.18144226,0.4048635,0.56
S669_tr_d,0.6809883,0.40490282,3.7
S669_tr_d,1.6309665,0.40502182,-1.0
S669_tr_d,1.0764896,0.40501505,1.0
S669_tr_d,1.682095,0.40503678,2.0
S669_tr_d,0.8688373,0.40488663,2.6
S669_tr_d,0.9802782,0.40496582,0.455
S669_tr_d,0.5491421,0.40489563,-0.6
S669_tr_d,-0.2377155,0.40486473,-4.0
S669_tr_d,0.05194344,0.40485662,0.16
S669_tr_d,-0.038624432,0.40486982,-0.32
S669_tr_d,0.122879006,0.40489626,-0.27
S669_tr_d,0.026726238,0.4048607,-0.05
S669_tr_d,1.0356671,0.40501285,0.53
S669_tr_d,2.0586169,0.40556204,1.65
S669_tr_d,1.0938314,0.40500602,0.85
S669_tr_d,0.7071947,0.40494996,0.8
S669_tr_d,1.0435997,0.40502098,0.11
S669_tr_d,1.4050386,0.40512377,0.35
S669_tr_d,0.58736396,0.40497154,1.38
S669_tr_d,0.25042477,0.40487117,0.64
S669_tr_d,0.58302283,0.40493533,1.41
S669_tr_d,0.13101044,0.40485793,0.5
S669_tr_d,0.22449422,0.4048732,-0.1
S669_tr_d,0.4560165,0.4048864,1.4
S669_tr_d,0.77121264,0.40494794,2.4
S669_tr_d,0.4209597,0.40488312,0.6
S669_tr_d,0.94302005,0.40493453,1.0
S669_tr_d,-0.004984472,0.4048549,-1.0
S669_tr_d,0.19647916,0.4048663,-0.6
S669_tr_d,0.22448334,0.40486568,0.4
S669_tr_d,0.2513999,0.4048674,1.1
S669_tr_d,0.40509322,0.4048781,0.9
S669_tr_d,0.13640262,0.404861,0.287
S669_tr_d,0.30320632,0.404872,0.741
S669_tr_d,0.40573007,0.40487763,1.123
S669_tr_d,0.043158393,0.40485576,0.167
S669_tr_d,0.18355563,0.40486217,0.072
S669_tr_d,1.690967,0.40501064,3.705
S669_tr_d,-0.6040414,0.40490758,2.032
S669_tr_d,-0.37986356,0.40487966,0.43
S669_tr_d,0.7505011,0.40490547,1.793
S669_tr_d,-0.42182025,0.40486646,-0.263
S669_tr_d,0.3253258,0.40487483,-0.765
S669_tr_d,-0.5439601,0.40486616,-0.765
S669_tr_d,0.25086275,0.40487075,0.669
S669_tr_d,0.80962795,0.40488327,0.645
S669_tr_d,-0.038798317,0.4048546,0.287
S669_tr_d,0.33898044,0.40488288,0.263
S669_tr_d,0.071269244,0.40485802,0.096
S669_tr_d,0.21834518,0.40486598,0.359
S669_tr_d,0.073751256,0.40485615,0.669
S669_tr_d,0.23686107,0.4048696,-0.048
S669_tr_d,0.07267844,0.4048575,0.359
S669_tr_d,0.2606787,0.4048721,0.335
S669_tr_d,0.28220508,0.40486857,0.55
S669_tr_d,0.2777199,0.4048722,0.502
S669_tr_d,0.048692994,0.40485668,-0.072
S669_tr_d,0.35427088,0.4048731,0.932
S669_tr_d,0.30099913,0.40487507,0.478
S669_tr_d,1.35573,0.4050584,1.22
S669_tr_d,1.2560481,0.4049717,0.961
S669_tr_d,1.8548324,0.4050862,1.708
S669_tr_d,0.5098542,0.4049136,1.14
S669_tr_d,0.021369467,0.40485436,-0.271
S669_tr_d,1.9269251,0.40538314,3.529
S669_tr_d,1.4717766,0.40524417,3.226
S669_tr_d,1.3760043,0.40507436,1.7
S669_tr_d,1.0221536,0.40500262,1.6
S669_tr_d,0.43850315,0.4049043,0.082
S669_tr_d,1.8148996,0.40534475,1.575
S669_tr_d,0.050738394,0.40489262,0.504
S669_tr_d,0.92935973,0.40500784,1.116
S669_tr_d,0.59595096,0.40494135,-0.178
S669_tr_d,0.97297907,0.4049022,1.573
S669_tr_d,-0.009314608,0.40485838,-0.581
S669_tr_d,-0.010972646,0.4049255,0.109
S669_tr_d,2.168129,0.40541136,3.368
S669_tr_d,2.1436331,0.40531248,2.251
S669_tr_d,1.3810836,0.40502402,1.77
S669_tr_d,0.715981,0.40493643,1.052
S669_tr_d,0.7364162,0.40492502,0.864
S669_tr_d,2.0057726,0.4053341,1.981
S669_tr_d,0.8601471,0.40497854,0.693
S669_tr_d,1.6714652,0.40525365,3.803
S669_tr_d,0.22851741,0.40489006,-1.078
S669_tr_d,2.1543524,0.4055864,3.405
S669_tr_d,2.0058587,0.40513003,1.963
S669_tr_d,0.9391182,0.40489656,2.149
S669_tr_d,0.4850826,0.4048782,0.863
S669_tr_d,0.914841,0.40492204,-0.283
S669_tr_d,0.88100713,0.40489382,0.912
S669_tr_d,0.25642475,0.40488327,0.08
S669_tr_d,1.6347146,0.40505996,1.759
S669_tr_d,1.6210424,0.40498796,0.043
S669_tr_d,1.4031847,0.40495792,0.337
S669_tr_d,1.9812196,0.405463,3.46
S669_tr_d,0.26579204,0.40486595,0.706
S669_tr_d,0.8615378,0.40488562,1.951
S669_tr_d,0.52422166,0.40490708,0.493
S669_tr_d,0.010502835,0.40485543,-0.021
S669_tr_d,-0.25890997,0.4048749,0.101
S669_tr_d,0.5022319,0.40492895,0.591
S669_tr_d,2.4284356,0.4061487,3.274
S669_tr_d,1.6745082,0.40507945,1.299
S669_tr_d,1.265359,0.40500784,0.771
S669_tr_d,0.5296461,0.40490732,0.327
S669_tr_d,1.5321534,0.40519375,2.593
S669_tr_d,0.10049835,0.40486887,0.855
S669_tr_d,1.8067071,0.4052203,2.534
S669_tr_d,0.11782585,0.40485618,1.6
S669_tr_d,0.36778638,0.40487927,1.936
S669_tr_d,0.42351103,0.40487838,2.581
S669_tr_d,1.1884859,0.40504217,2.09
S669_tr_d,1.3869507,0.40499148,1.99
S669_tr_d,0.27820507,0.40487772,-0.4
S669_tr_d,0.3712214,0.4048927,-0.6
S669_tr_d,2.1560252,0.40518758,3.3
S669_tr_d,1.3712618,0.40494072,5.0
S669_tr_d,-0.015357278,0.40485716,-1.4
S669_tr_d,0.4781135,0.40489292,-0.5
S669_tr_d,1.2646024,0.40499175,2.5
S669_tr_d,1.4159255,0.40517363,1.9
S669_tr_d,-0.53283757,0.40490186,-4.299
S669_tr_d,0.44637862,0.40489146,-0.1
S669_tr_d,0.3813164,0.40488765,-0.1
S669_tr_d,0.39280245,0.40488744,-0.8
S669_tr_d,0.64871544,0.40488663,0.1
S669_tr_d,0.07333787,0.4048585,-0.7
S669_tr_d,0.17777261,0.40485895,0.1
S669_tr_d,0.05422615,0.40485492,1.44
S669_tr_d,0.48635378,0.4049194,2.304
S669_tr_d,0.32029408,0.40488866,2.302
S669_tr_d,0.1644466,0.40486145,1.162
S669_tr_d,1.6513684,0.40502775,1.697
S669_tr_d,1.0351868,0.40491304,0.55
S669_tr_d,1.5230795,0.40506694,1.482
S669_tr_d,-1.1316131,0.40493208,-1.4
S669_tr_d,-0.03531115,0.40485936,-0.43
S669_tr_d,-0.17353602,0.4048606,0.0
S669_tr_d,0.221456,0.40487167,-0.6
S669_tr_d,-0.27701023,0.40485793,0.0
S669_tr_d,1.828894,0.40503928,1.4
S669_tr_d,1.053793,0.40491036,2.5
S669_tr_d,0.8413007,0.4049051,-1.4
S669_tr_d,0.37770975,0.4048727,-0.1
S669_tr_d,1.5990913,0.40516025,3.24
S669_tr_d,2.001252,0.40529364,3.73
S669_tr_d,2.2582831,0.40543014,2.82
S669_tr_d,1.1684489,0.4050761,2.83
S669_tr_d,0.64049,0.4049085,-0.06
S669_tr_d,1.5065111,0.40500712,4.61
S669_tr_d,1.3105335,0.4050648,3.1
S669_tr_d,1.7431618,0.40513265,2.82
S669_tr_d,1.4849416,0.4049828,1.94
S669_tr_d,0.6641207,0.4048948,1.11
S669_tr_d,1.0179484,0.40500212,1.52
S669_tr_d,1.0551121,0.40500432,1.52
S669_tr_d,1.8553538,0.40536442,2.35
S669_tr_d,1.3272928,0.4050388,2.79
S669_tr_d,2.108355,0.4054928,1.39
S669_tr_d,0.7685062,0.40490976,1.39
S669_tr_d,2.014548,0.4053373,2.84
S669_tr_d,0.46381956,0.40489665,1.9
S669_tr_d,0.24166918,0.40486598,0.88
S669_tr_d,0.05560553,0.40489858,3.3
S669_tr_d,0.5442967,0.40492424,1.2
S669_tr_d,0.0023670455,0.4048992,0.3
S669_tr_d,0.664796,0.40490556,-0.3
S669_tr_d,0.77962804,0.40493205,1.2
S669_tr_d,-0.090922005,0.4048792,1.2
S669_tr_d,0.38428167,0.40489516,1.98
S669_tr_d,1.5499687,0.40504053,0.97
S669_tr_d,1.9249285,0.4050718,2.78
S669_tr_d,0.22140904,0.40486795,0.08
S669_tr_d,1.3815355,0.40506223,1.31
S669_tr_d,1.7779884,0.40521792,1.1
S669_tr_d,1.913358,0.40517676,1.08
S669_tr_d,0.18254378,0.40485877,1.1
S669_tr_d,0.020236924,0.40485442,0.49
S669_tr_d,1.1117132,0.40497756,1.31
S669_tr_d,0.25684518,0.40488625,0.61
S669_tr_d,0.75392234,0.4049247,0.43
S669_tr_d,0.17884655,0.4048581,1.2
S669_tr_d,1.9739453,0.40512362,1.4
S669_tr_d,-0.076446585,0.40492016,-0.36
S669_tr_d,0.65687394,0.40491158,-0.42
S669_tr_d,0.49478376,0.4048757,1.42
S669_tr_d,1.1666431,0.4049168,1.88
S669_tr_d,1.3643519,0.40501204,0.98
S669_tr_d,0.16083264,0.40489215,0.3
S669_tr_d,-0.004694891,0.4048545,0.78
S669_tr_d,1.4547764,0.4049669,2.25
S669_tr_d,0.053365324,0.40485793,-0.39
S669_tr_d,0.40675887,0.40489468,0.05
S669_tr_d,0.9801381,0.40489256,1.96
S669_tr_d,1.031644,0.40493214,3.53
S669_tr_d,0.0047209864,0.4048554,-1.82
S669_tr_d,-0.38553038,0.4048613,-0.07
S669_tr_d,1.8688459,0.40507752,1.53
S669_tr_d,1.9089704,0.40507308,2.4
S669_tr_d,0.6342818,0.40488678,-0.03
S669_tr_d,0.32325512,0.40486878,-0.19
S669_tr_d,0.021107763,0.40485692,-0.06
S669_tr_d,1.8520072,0.40507984,0.3
S669_tr_d,0.93457556,0.4048983,0.4
S669_tr_d,0.26276302,0.40487936,0.17
S669_tr_d,0.8692694,0.40489146,-0.11
S669_tr_d,1.1469367,0.4049519,4.2
S669_tr_d,0.9081986,0.4049519,0.13
S669_tr_d,1.3638005,0.40502566,2.81
S669_tr_d,1.2331086,0.40498796,0.24
S669_tr_d,1.5299121,0.4050398,6.84
S669_tr_d,-0.17153718,0.40485653,-0.8
S669_tr_d,0.5077244,0.4048925,-0.1
S669_tr_d,0.9240829,0.40495434,6.49
S669_tr_d,0.2655689,0.40486917,5.22
S669_tr_d,1.2031482,0.40497765,3.48
S669_tr_d,0.36151922,0.4048784,4.02
S669_tr_d,0.41409177,0.40489024,2.21
S669_tr_d,-0.07656226,0.40486225,4.1
S669_tr_d,0.2921629,0.40487728,3.38
S669_tr_d,0.08589459,0.40485707,2.9
S669_tr_d,0.12764315,0.40486616,4.59
S669_tr_d,-0.0003998463,0.404856,3.22
S669_tr_d,1.3815017,0.4049416,3.3
S669_tr_d,0.71446365,0.40488264,0.645
S669_tr_d,0.10148054,0.40485567,-0.239
S669_tr_d,-0.016869254,0.40486115,-0.358
S669_tr_d,0.16269472,0.40485826,0.86
S669_tr_d,0.6316898,0.404889,0.645
S669_tr_d,0.19183849,0.40487546,-2.87
S669_tr_d,0.56226546,0.40491772,2.89
S669_tr_d,1.5490855,0.40498823,8.93
S669_tr_d,0.13596106,0.40487218,4.25
S669_tr_d,0.09585458,0.40486154,0.717
S669_tr_d,2.7416794,0.40839007,4.493
S669_tr_d,2.7714384,0.40898398,4.517
S669_tr_d,1.6914715,0.4050342,2.103
S669_tr_d,1.245621,0.40495247,0.012
S669_tr_d,1.5130956,0.4049734,1.233
S669_tr_d,1.2448506,0.40498498,2.629
S669_tr_d,-0.19335718,0.40485793,1.912
S669_tr_d,-0.15326974,0.404855,-0.12
S669_tr_d,-0.5449461,0.40488413,-2.605
S669_tr_d,0.7025045,0.40493408,-0.89
S669_tr_d,-0.39956805,0.40492925,0.02
S669_tr_d,0.11199879,0.40486827,-1.07
S669_tr_d,1.1738216,0.40492073,1.74
S669_tr_d,0.16500445,0.4048599,-0.47
S669_tr_d,0.018021263,0.40485576,-0.13
S669_tr_d,-0.16442984,0.40487108,-0.61
S669_tr_d,0.16408949,0.40486974,-0.03
S669_tr_d,-0.8958509,0.40493682,-1.8
S669_tr_d,0.41148984,0.40489313,0.73
S669_tr_d,0.9915304,0.4048977,1.3
S669_tr_d,0.4175535,0.40488487,0.34
S669_tr_d,0.70391846,0.40490672,0.44
S669_tr_d,2.186821,0.40544513,2.55
S669_tr_d,2.224263,0.40599364,2.76
S669_tr_d,1.1416398,0.40501335,1.21
S669_tr_d,1.6822685,0.4051986,1.73
S669_tr_d,1.143247,0.40495867,0.84
S669_tr_d,1.3438419,0.40511423,3.1
S669_tr_d,0.31026125,0.4048858,1.46
S669_tr_d,0.24066935,0.4048672,0.8
S669_tr_d,1.3809392,0.4050174,2.33
S669_tr_d,1.6484351,0.40508583,1.81
S669_tr_d,1.2908415,0.40499023,0.59
S669_tr_d,0.22050922,0.40487498,-0.21
S669_tr_d,-0.17279477,0.4048545,-0.09
S669_tr_d,0.19487628,0.40486157,0.68
S669_tr_d,0.2638288,0.40486583,0.07
S669_tr_d,0.20041658,0.4048615,0.32
S669_tr_d,1.4829699,0.40495965,1.79
S669_tr_d,1.1545646,0.4049125,1.55
S669_tr_d,1.9094974,0.405076,1.59
S669_tr_d,0.15270115,0.40485644,0.33
S669_tr_d,0.23753971,0.4048594,0.22
S669_tr_d,0.014037452,0.40485573,0.03
S669_tr_d,0.15021208,0.4048592,0.79
S669_tr_d,1.3753612,0.40496653,1.3
S669_tr_d,0.86622864,0.4048946,0.38
S669_tr_d,0.82508683,0.40488374,0.55
S669_tr_d,0.5626163,0.40489897,0.33
S669_tr_d,0.22214663,0.40486535,0.41
S669_tr_d,0.70789486,0.4049041,1.28
S669_tr_d,0.030505836,0.4048546,-0.07
S669_tr_d,1.2416714,0.40501705,2.84
S669_tr_d,0.5137577,0.40488788,1.15
S669_tr_d,-0.012712315,0.40485463,-0.02
S669_tr_d,0.97785,0.40490246,1.02
S669_tr_d,2.037491,0.40521598,2.05
S669_tr_d,0.91918683,0.40497327,1.69
S669_tr_d,-0.17784394,0.4049121,-0.92
S669_tr_d,-0.38026193,0.40486115,1.454
S669_tr_d,-0.44751415,0.4048594,-0.951
S669_tr_d,-0.052025564,0.40485844,1.246
S669_tr_d,-0.73388165,0.4049465,-0.143
S669_tr_d,1.4111874,0.40494597,-0.213
S669_tr_d,0.16769719,0.40486655,0.166
S669_tr_d,-0.851668,0.40497708,0.209
S669_tr_d,0.22739893,0.40489092,0.994
S669_tr_d,0.8999325,0.40489843,1.463
S669_tr_d,-0.12285537,0.4048854,-3.189
S669_tr_d,0.4404463,0.4049004,3.443
S669_tr_d,-0.51631135,0.40488192,-2.19
S669_tr_d,-0.58552724,0.40492633,-1.06
S669_tr_d,0.7399393,0.40495777,1.159
S669_tr_d,0.045191385,0.4048979,2.664
S669_tr_d,0.46618217,0.4049122,2.573
S669_tr_d,0.36824623,0.4049011,0.95
S669_tr_d,1.0343583,0.4049284,0.36
S669_tr_d,1.4784238,0.4049702,-2.615
S669_tr_d,-0.1461849,0.40485442,-0.599
S669_tr_d,-0.36814576,0.40490508,-0.464
S669_tr_d,1.3732805,0.4050834,-1.072
S669_tr_d,0.46567374,0.40490454,2.961
S669_tr_d,0.30734453,0.40488312,0.017
S669_tr_d,0.4843047,0.40492532,-0.336
S669_tr_d,-0.89186877,0.40498242,-5.73
S669_tr_d,0.30794597,0.40489897,-2.997
S669_tr_d,0.4069598,0.40489665,-2.581
S669_tr_d,-0.27707702,0.40485686,2.075
S669_tr_d,-0.47073907,0.4049603,-4.247
S669_tr_d,0.041598145,0.40486392,4.36
S669_tr_d,-0.12710017,0.40486163,1.515
S669_tr_d,-0.42280048,0.40493008,-0.825
S669_tr_d,-0.40125707,0.4049082,0.909
S669_tr_d,0.09686541,0.40485638,-0.87
S669_tr_d,0.17088966,0.4048864,0.165
S669_tr_d,-0.6836402,0.40487057,-1.536
S669_tr_d,0.29615548,0.40487695,-1.241
S669_tr_d,0.33679765,0.4048723,-0.974
S669_tr_d,0.34316087,0.40490782,0.79
S669_tr_d,0.10030416,0.4048654,1.853
S669_tr_d,1.0501388,0.40495953,4.098
S669_tr_d,0.49318856,0.4049272,1.298
S669_tr_d,0.9374856,0.4050164,3.397
S669_tr_d,0.4438584,0.404917,2.964
S669_tr_d,-0.11993107,0.40490913,0.671
S669_tr_d,-0.041515,0.4048821,-3.462
S669_tr_d,-0.63190323,0.4049194,-2.583
S669_tr_d,-0.28852445,0.40490335,-3.976
S669_tr_d,-0.003729283,0.40489155,2.25
S669_tr_d,1.5650195,0.40497503,0.71
S669_tr_d,1.1567563,0.40494668,1.75
S669_tr_d,2.1218486,0.40516958,2.54
S669_tr_d,0.48342952,0.4049124,-1.2
S669_tr_d,0.5164151,0.40489063,-1.9
S669_tr_d,0.4069546,0.40489894,0.8
S669_tr_d,0.44954878,0.4049006,-1.5
S669_tr_d,0.94717383,0.40496293,-1.0
S669_tr_d,0.34100842,0.4048735,-1.4
S669_tr_d,0.538201,0.4049068,-1.0
S669_tr_d,0.7583409,0.40490487,-1.0
S669_tr_d,0.7099417,0.4049323,-0.2
S669_tr_d,-0.48288575,0.4048609,-1.26
S669_tr_d,-0.24877875,0.4048551,0.23
S669_tr_d,1.164295,0.40492055,-1.79
S669_tr_d,0.72284716,0.4049011,0.36
S669_tr_d,-0.040925123,0.40485832,1.1
S669_tr_d,0.3976369,0.40487662,3.34
S669_tr_d,2.3820436,0.40602928,3.11
S669_tr_d,2.152374,0.40533292,1.57
S669_tr_d,1.520925,0.40498078,4.0
S669_tr_d,1.0515084,0.40491107,2.0
S669_tr_d,0.8793695,0.404889,0.24
S669_tr_d,0.3906451,0.40489328,-0.62
S669_tr_d,0.07410913,0.4048556,-2.08
S669_tr_d,0.63145983,0.40490484,0.6
S669_tr_d,0.7272882,0.40494043,2.0
S669_tr_d,0.4775968,0.40488914,2.3
S669_tr_d,0.19600083,0.40486193,-0.44
S669_tr_d,0.073559016,0.40485513,-0.2
S669_tr_d,0.1006828,0.40485668,-1.4
S669_tr_d,0.7178665,0.40492976,0.5
S669_tr_d,0.9195656,0.4048946,0.2
S669_tr_d,0.24801457,0.40486833,0.7
S669_tr_d,-0.12747489,0.40494606,-0.5
S669_tr_d,-0.068979084,0.4048581,-0.4
S669_tr_d,-0.60030806,0.40491366,-2.6
S669_tr_d,-0.97059566,0.40493384,-0.3
S669_tr_d,-0.30285534,0.40486145,-0.8
S669_tr_d,-0.34834403,0.40486357,-0.9
S669_tr_d,-0.12058905,0.40486935,-2.9
S669_tr_d,0.37821946,0.4048756,-1.2
S669_tr_d,0.06249133,0.40485522,-0.3
S669_tr_d,1.5563455,0.4049737,0.4
S669_tr_d,0.037279274,0.40485692,-0.5
S669_tr_d,-0.5551717,0.40490273,-1.1
S669_tr_d,0.6574159,0.40490422,0.34
S669_tr_d,1.5905923,0.4049878,1.78
S669_tr_d,0.7621149,0.40494877,1.87
S669_tr_d,2.031166,0.40539458,3.77
S669_tr_d,1.6509843,0.40518758,2.44
S669_tr_d,0.33116147,0.40486327,-0.43
S669_tr_d,0.063917585,0.4048556,-0.58
S669_tr_d,-0.073663086,0.40485936,0.09
S669_tr_d,0.14109205,0.40485874,-0.35
S669_tr_d,0.6182935,0.4048871,-0.16
S669_tr_d,0.59314674,0.40490836,0.88
S669_tr_d,1.0496079,0.40496826,0.92
S669_tr_d,0.6547254,0.40494588,1.73
S669_tr_d,1.1167501,0.40494135,0.45
S669_tr_d,0.33816376,0.40488237,0.3
S669_tr_d,1.0100528,0.4049636,1.69
S669_tr_d,0.65604186,0.4048924,0.82
S669_tr_d,1.4022868,0.40498132,1.66
S669_tr_d,2.224121,0.40527698,2.46
S669_tr_d,1.4335421,0.40501913,2.82
S669_tr_d,0.8425278,0.4049387,1.14
S669_tr_d,1.35442,0.40494293,0.92
S669_tr_d,1.3487021,0.40501893,1.22
S669_tr_d,-0.0969475,0.40485474,-0.41
S669_tr_d,0.92954063,0.4049665,1.83
S669_tr_d,0.36669123,0.4048811,0.17
S669_tr_d,0.8790776,0.40495023,1.09
S669_tr_d,0.8789374,0.40492213,1.25
S669_tr_d,0.88035136,0.4049534,1.11
S669_tr_d,0.63111395,0.40492508,1.17
S669_tr_d,1.1526442,0.40496925,1.63
S669_tr_d,0.46572793,0.404916,0.97
S669_tr_d,1.5678892,0.40511578,4.72
S669_tr_d,1.7396783,0.40517,3.12
S669_tr_d,1.412714,0.40503865,1.37
S669_tr_d,0.51466507,0.40491852,0.59
S669_tr_d,0.096079126,0.4048765,0.2
S669_tr_d,1.0033107,0.40491813,2.14
S669_tr_d,0.1590008,0.4048653,1.21
S669_tr_d,-0.06959226,0.4048549,0.49
S669_tr_d,1.5849124,0.40497884,3.12
S669_tr_d,1.181557,0.40493283,1.19
S669_tr_d,1.9526495,0.40510657,3.1
S669_tr_d,-0.6684852,0.4049335,-1.47
S669_tr_d,1.1095496,0.4049087,2.17
S669_tr_d,0.40055603,0.4048653,0.83
S669_tr_d,0.35366064,0.40486366,-0.1
S669_tr_d,1.8702868,0.40505156,2.43
S669_tr_d,0.16673668,0.40487006,0.47
S669_tr_d,1.9970852,0.40512612,2.54
S669_tr_d,0.17766474,0.4048703,1.08
S669_tr_d,0.59513503,0.40488273,1.32
S669_tr_d,1.847773,0.40508232,3.12
S669_tr_d,1.8358731,0.4052051,4.9
S669_tr_d,0.8504749,0.4048871,2.04
S669_tr_d,0.51987743,0.4049009,2.23
S669_tr_d,1.3875941,0.4049606,2.08
S669_tr_d,1.7026548,0.4050115,2.53
S669_tr_d,1.3511767,0.40494937,1.52
S669_tr_d,1.5795459,0.40497944,3.73
S669_tr_d,1.5686507,0.40497506,3.34
S669_tr_d,0.45675293,0.40488616,0.38
S669_tr_d,1.8934159,0.40506086,3.08
S669_tr_d,1.7026106,0.40500587,3.12
S669_tr_d,1.9207764,0.4050825,4.15
S669_tr_d,1.3073162,0.40493518,0.68
S669_tr_d,0.73438454,0.40496302,0.56
S669_tr_d,0.1395709,0.4048622,0.23
S669_tr_d,-0.59944016,0.40486816,-0.39
S669_tr_d,-0.7256557,0.40487546,-1.05
S669_tr_d,0.21769358,0.4049112,5.975
S669_tr_d,0.58404714,0.4049282,6.597
S669_tr_d,0.45997337,0.40490595,0.5
S669_tr_d,0.1908644,0.4048666,-0.1
S669_tr_d,-0.19975653,0.40485513,-0.4
S669_tr_d,0.9427034,0.40491578,2.0
S669_tr_d,1.190743,0.40498748,0.7
S669_tr_d,0.7951716,0.40498218,0.1
S669_tr_d,0.1803679,0.40487093,-0.1
S669_tr_d,0.2169022,0.40486318,0.2
S669_tr_d,0.1744431,0.40486294,-0.1
S669_tr_d,0.20311177,0.40486068,0.6
S669_tr_d,1.217089,0.40505046,0.8
S669_tr_d,0.36348885,0.4048769,-0.1
S669_tr_d,1.5273837,0.40497357,2.4
S669_tr_d,0.2372254,0.4048777,0.6
S669_tr_d,1.073699,0.40494096,2.6
S669_tr_d,1.5413384,0.4051395,1.3
S669_tr_d,1.9462551,0.40526798,2.0
S669_tr_d,0.05636915,0.4048647,-0.3
S669_tr_d,-1.0839342,0.4049882,-0.1
S669_tr_d,1.1337243,0.40497667,2.2
S669_tr_d,0.5502602,0.4049089,0.1
S669_tr_d,0.89519507,0.40492624,0.9
S669_tr_d,0.6203464,0.40489194,0.4
S669_tr_d,0.7860413,0.40497443,0.4
S669_tr_d,1.3436797,0.40496865,1.9
S669_tr_d,0.1353772,0.40486607,0.3
S669_tr_d,0.6396952,0.4049334,0.6
S669_tr_d,2.2006326,0.40569666,0.5
S669_tr_d,0.3734533,0.4048733,0.3
S669_tr_d,0.35599062,0.40489453,0.06
S669_tr_d,0.9357761,0.4049512,1.66
S669_tr_d,0.7633801,0.4049442,0.39
S669_tr_d,0.8306757,0.4049495,0.91
S669_tr_d,0.4598234,0.40487763,0.74
S669_tr_d,0.8130508,0.40493837,1.83
S669_tr_d,0.58335155,0.40491512,-0.2
S669_tr_d,0.80079633,0.40493196,0.41
S669_tr_d,0.10891429,0.40485576,-1.369
S669_tr_d,-0.12791657,0.4048545,1.137
S669_tr_d,1.2183925,0.40498123,1.506
S669_tr_d,0.14644113,0.4048623,-0.25
S669_tr_d,0.293568,0.40487498,-0.47
S669_tr_d,0.5562993,0.40488476,-1.05
S669_tr_d,0.17948851,0.40486556,-0.24
S669_tr_d,0.8831887,0.40496826,0.43
S669_tr_d,0.10885496,0.40485993,-0.37
S669_tr_d,1.2668777,0.4050153,-0.12
S669_tr_d,1.4945756,0.4049615,-0.88
S669_tr_d,1.9338635,0.40507823,-0.43
S669_tr_d,1.1397606,0.4050035,-0.04
S669_tr_d,1.4322087,0.40495077,-1.46
S669_tr_d,0.837438,0.40495622,-1.11
S669_tr_d,-0.03748765,0.40486202,-3.02
S669_tr_d,-0.14668061,0.4048617,-3.34
S669_tr_d,-0.069049634,0.4048599,-2.11
S669_tr_d,-0.036443863,0.4048584,0.65
S669_tr_d,-0.0029340053,0.40485764,0.6
S669_tr_d,-0.0062356424,0.4048548,1.6
S669_tr_d,-0.4089281,0.4048692,1.34
S669_tr_d,-0.10137479,0.40486327,1.41
S669_tr_d,0.36542857,0.40489194,0.5
S669_tr_d,0.6335852,0.40492827,2.0
S669_tr_d,1.1958988,0.40499118,1.9
S669_tr_d,0.26008496,0.40486795,0.6
S669_tr_d,1.4405346,0.40498897,1.2
S669_tr_d,1.098516,0.40493712,0.2
S669_tr_d,2.1003547,0.4053029,2.8
S669_tr_d,1.3843149,0.40496403,1.0
S669_tr_d,2.0405078,0.4052082,1.5
S669_tr_d,1.5344243,0.40505925,2.0
S669_tr_d,2.6111443,0.40669027,4.1
S669_tr_d,1.1058382,0.4049699,1.2
S669_tr_d,0.45811513,0.40487427,2.0
S669_tr_d,0.55586815,0.40491548,0.7
S669_tr_d,1.9343542,0.4053029,2.7
S669_tr_d,1.8647993,0.4051289,3.2
S669_tr_d,0.94422656,0.4049468,1.4
S669_tr_d,0.223747,0.40486193,0.2
S669_tr_d,1.9521953,0.40508944,2.3
S669_tr_d,0.66916156,0.4048746,0.9
S669_tr_d,0.44090563,0.40486518,0.3
S669_tr_d,1.2691741,0.40493542,2.1
S669_tr_d,0.4403193,0.40487638,0.9
S669_tr_d,1.8623525,0.40506232,1.7
S669_tr_d,0.7331677,0.4049388,2.3
S669_tr_d,1.765856,0.405041,3.7
S669_tr_d,0.41848952,0.40488777,1.9
S669_tr_d,0.5573755,0.4049199,0.7
S669_tr_d,0.44844723,0.4048865,0.4
S669_tr_d,0.75659823,0.4049406,0.7
S669_tr_d,1.4797016,0.40496236,2.0
S669_tr_d,0.87190396,0.40490368,-0.8
S669_tr_d,1.199345,0.40496537,0.5
S669_tr_d,0.93048614,0.40493947,-1.32
S669_tr_d,0.7894994,0.40490744,0.17
S669_tr_d,0.053002052,0.4048577,-0.34
S669_tr_d,1.0951661,0.40494964,0.74
S669_tr_d,0.7646239,0.4048919,3.35
S669_tr_d,0.3580495,0.4048799,1.68
S669_tr_d,0.23928791,0.4048774,-5.49
S669_tr_d,1.6734735,0.40499684,3.23
S669_tr_d,0.4084782,0.40488142,-1.194
S669_tr_d,0.23678352,0.40488008,2.866
S669_tr_d,0.5076294,0.40488413,0.05
S669_tr_d,-0.79044986,0.40499985,2.0
S669_tr_d,2.4217508,0.40588692,3.25
S669_tr_d,0.48263308,0.4048884,1.64
S669_tr_d,1.4021692,0.40497193,1.81
S669_tr_d,0.082258955,0.40485817,0.58
S669_tr_d,0.60737526,0.4049072,1.3
S669_tr_d,1.0941135,0.40490744,2.5
S669_tr_d,1.4857564,0.40518722,-0.096
S669_tr_d,0.27729884,0.4048799,0.693
S669_tr_d,1.2195878,0.4049383,-2.03
S669_tr_d,0.24809487,0.4048603,-0.99
S669_tr_d,0.60222036,0.40489596,-0.89
S669_tr_d,0.48480093,0.40488988,1.435
S669_tr_d,0.051726826,0.40485474,0.24
S669_tr_d,0.18036225,0.40485975,-0.06
S669_tr_d,0.119321324,0.40485668,0.46
S669_tr_d,0.45649165,0.40487632,-1.745
S669_tr_d,-0.03755311,0.40485412,-0.574
S669_tr_d,0.076299265,0.40485543,1.362
S669_tr_d,0.051709928,0.4048864,-0.1
S669_tr_d,-0.017014416,0.4049215,2.07
S669_tr_d,0.39855966,0.40489572,0.44
S669_tr_d,0.63546824,0.40487975,0.71
S669_tr_d,-0.33484888,0.4048575,0.93
S669_tr_d,-0.066596985,0.40486038,1.44
S669_tr_d,0.68476593,0.40488404,1.44
S669_tr_d,2.0135376,0.40510648,2.99
S669_tr_d,1.0264996,0.40490094,0.378
S669_tr_d,0.4381977,0.40491596,-0.413
S669_tr_d,0.46444595,0.40490016,-0.354
S669_tr_r,-0.95677125,0.40489396,-1.8
S669_tr_r,-0.72599536,0.40489444,-2.69
S669_tr_r,-0.039226428,0.40487242,-1.98
S669_tr_r,-0.50082445,0.404893,-1.7
S669_tr_r,-1.4932681,0.4049523,-1.36
S669_tr_r,-0.25428674,0.4048875,-2.05
S669_tr_r,-0.25282666,0.4049032,-3.01
S669_tr_r,-0.18510672,0.40489522,-0.6
S669_tr_r,-0.4003469,0.40490186,-2.88
S669_tr_r,-0.06943784,0.40487686,-1.36
S669_tr_r,-0.48293394,0.40490142,-1.86
S669_tr_r,-0.44027743,0.40488577,-2.02
S669_tr_r,-0.41124228,0.40489954,-2.88
S669_tr_r,-0.3368851,0.40490958,-1.97
S669_tr_r,-0.09399832,0.40487835,-0.263
S669_tr_r,0.13469471,0.40485677,-0.287
S669_tr_r,-1.1124908,0.40492564,-1.745
S669_tr_r,-0.009953905,0.40486515,0.287
S669_tr_r,-0.7707788,0.40487474,-0.7
S669_tr_r,-0.14558181,0.40485576,-0.4
S669_tr_r,-0.011382097,0.40491658,-0.821
S669_tr_r,-0.008288316,0.4048912,-0.04
S669_tr_r,-1.2290922,0.40491688,0.91
S669_tr_r,-2.240899,0.40521345,-3.77
S669_tr_r,-0.57062274,0.4048829,-0.41
S669_tr_r,-0.30308166,0.40486544,-0.13
S669_tr_r,-1.7518758,0.40508372,-3.1
S669_tr_r,-2.202292,0.4051376,-3.62
S669_tr_r,-2.004769,0.4051612,-0.82
S669_tr_r,-2.5042584,0.40580696,-3.56
S669_tr_r,-2.2864728,0.40539575,-2.94
S669_tr_r,-2.0913904,0.40509775,-3.21
S669_tr_r,-2.4938545,0.40565014,-2.76
S669_tr_r,-0.17878833,0.4048979,-1.46
S669_tr_r,-1.6657487,0.4049858,-2.21
S669_tr_r,-1.7995749,0.40506893,-1.81
S669_tr_r,-2.1877172,0.40513545,-1.93
S669_tr_r,-1.6781615,0.4050169,-2.41
S669_tr_r,-2.4707847,0.4056309,-3.25
S669_tr_r,-1.920799,0.4050234,-1.92
S669_tr_r,-1.4697169,0.40495387,-2.33
S669_tr_r,-0.7716059,0.4048757,-0.4
S669_tr_r,-0.97330034,0.40489015,-1.23
S669_tr_r,-2.3157363,0.4052841,-2.55
S669_tr_r,-1.1198436,0.40491623,-0.31
S669_tr_r,-1.9475536,0.4050514,-2.33
S669_tr_r,-0.64129007,0.40488803,-2.36
S669_tr_r,-2.123705,0.40511328,-2.37
S669_tr_r,-0.82136065,0.4048816,-0.59
S669_tr_r,0.58387935,0.40490788,0.61
S669_tr_r,-0.01211562,0.40488476,-0.46
S669_tr_r,-0.198619,0.40489542,-0.58
S669_tr_r,-0.69346577,0.40487963,-0.3
S669_tr_r,-0.17749964,0.40488857,-0.98
S669_tr_r,-1.0778172,0.40491903,-1.52
S669_tr_r,-0.376637,0.4048588,-0.21
S669_tr_r,-0.29186627,0.4048782,-0.56
S669_tr_r,-0.17004526,0.4048693,0.03
S669_tr_r,-0.14457287,0.40486577,0.33
S669_tr_r,-0.027320655,0.40487874,-0.2
S669_tr_r,-1.0068437,0.4049257,-0.34
S669_tr_r,-0.5864903,0.40489107,-1.53
S669_tr_r,-2.4801347,0.40576124,-3.52
S669_tr_r,-2.2185354,0.4053881,-2.88
S669_tr_r,-2.5095994,0.40577102,-2.22
S669_tr_r,-2.3067575,0.40539172,-3.49
S669_tr_r,-2.627098,0.4075129,-3.19
S669_tr_r,-2.37942,0.40544012,-4.28
S669_tr_r,-0.13703182,0.4048928,0.05
S669_tr_r,-0.24109091,0.4049112,0.01
S669_tr_r,-0.65827996,0.40490586,-0.31
S669_tr_r,-0.63192785,0.40490004,0.35
S669_tr_r,-0.28340885,0.40486,-0.56
S669_tr_r,-0.63698107,0.40491578,-3.7
S669_tr_r,-1.5430412,0.40495184,1.0
S669_tr_r,-1.1779279,0.40492588,-1.0
S669_tr_r,-1.6478038,0.4049656,-2.0
S669_tr_r,-0.8704345,0.40488285,-2.6
S669_tr_r,-1.2252053,0.40506747,-0.455
S669_tr_r,-0.631356,0.40491664,0.6
S669_tr_r,0.18384376,0.40485707,4.0
S669_tr_r,-0.03935776,0.4048828,-0.16
S669_tr_r,0.04022256,0.40489432,0.32
S669_tr_r,0.052737053,0.40485662,0.27
S669_tr_r,-0.11805578,0.404886,0.05
S669_tr_r,-1.1120155,0.40490267,-0.53
S669_tr_r,-2.191306,0.40520504,-1.65
S669_tr_r,-1.1603045,0.4049075,-0.85
S669_tr_r,-0.77962273,0.4048812,-0.8
S669_tr_r,-1.1692852,0.40490884,-0.11
S669_tr_r,-1.5497347,0.40494812,-0.35
S669_tr_r,-0.6448366,0.4048725,-1.38
S669_tr_r,-0.23376477,0.40487877,-0.64
S669_tr_r,-0.6637734,0.40487233,-1.41
S669_tr_r,-0.1878086,0.40486327,-0.5
S669_tr_r,-0.17427465,0.4048963,0.1
S669_tr_r,-0.29649678,0.40490788,-1.4
S669_tr_r,-0.616941,0.40498537,-2.4
S669_tr_r,-0.49627537,0.40487534,-0.6
S669_tr_r,-1.134849,0.40492514,-1.0
S669_tr_r,-0.05831712,0.40489,1.0
S669_tr_r,-0.1485549,0.40489933,0.6
S669_tr_r,-0.1890462,0.40490043,-0.4
S669_tr_r,-0.20404674,0.4049018,-1.1
S669_tr_r,-0.5551949,0.4048681,-0.9
S669_tr_r,-0.015495736,0.40488568,-0.287
S669_tr_r,-0.20868164,0.404905,-0.741
S669_tr_r,-0.3909668,0.4049189,-1.123
S669_tr_r,0.09693007,0.40487865,-0.167
S669_tr_r,-0.06948696,0.4048917,-0.072
S669_tr_r,-1.7250128,0.40499976,-3.705
S669_tr_r,0.6897063,0.404913,-2.032
S669_tr_r,0.28526598,0.40488166,-0.43
S669_tr_r,-0.7084217,0.404886,-1.793
S669_tr_r,0.22226682,0.40488225,0.263
S669_tr_r,-0.3721992,0.40488854,0.765
S669_tr_r,0.49142227,0.40487033,0.765
S669_tr_r,-0.19281669,0.40491566,-0.669
S669_tr_r,-0.8372358,0.4049121,-0.645
S669_tr_r,0.10012357,0.4048716,-0.287
S669_tr_r,-0.23674257,0.4049234,-0.263
S669_tr_r,0.06802003,0.40488204,-0.096
S669_tr_r,-0.1202878,0.40489796,-0.359
S669_tr_r,0.010043434,0.40487787,-0.669
S669_tr_r,-0.093021415,0.40489584,0.048
S669_tr_r,0.088494495,0.40487966,-0.359
S669_tr_r,-0.18375716,0.40491137,-0.335
S669_tr_r,-0.21017534,0.40489998,-0.55
S669_tr_r,-0.17483108,0.40491077,-0.502
S669_tr_r,0.051342227,0.4048825,0.072
S669_tr_r,-0.3489785,0.40490797,-0.932
S669_tr_r,-0.20287725,0.40490735,-0.478
S669_tr_r,-1.5370411,0.4050449,-1.22
S669_tr_r,-1.0787901,0.40490648,-0.961
S669_tr_r,-1.913555,0.40515533,-1.708
S669_tr_r,-0.5119272,0.40501717,-1.14
S669_tr_r,-0.032716356,0.4048851,0.271
S669_tr_r,-1.995398,0.4050612,-3.529
S669_tr_r,-1.6410561,0.4049844,-3.226
S669_tr_r,-1.3301939,0.4049243,-1.7
S669_tr_r,-0.96683526,0.40489405,-1.6
S669_tr_r,-0.43725625,0.40493667,-0.082
S669_tr_r,-1.9209278,0.40511897,-1.575
S669_tr_r,-0.017872458,0.40492043,-0.504
S669_tr_r,-1.1050295,0.4049648,-1.116
S669_tr_r,-0.5229042,0.40494582,0.178
S669_tr_r,-1.0601343,0.40491125,-1.573
S669_tr_r,0.064510554,0.40485525,0.581
S669_tr_r,-0.12623326,0.40490624,-0.109
S669_tr_r,-2.340943,0.4053218,-3.368
S669_tr_r,-2.2362266,0.4051895,-2.251
S669_tr_r,-1.7003309,0.40498704,-1.77
S669_tr_r,-0.7537604,0.40487558,-1.052
S669_tr_r,-0.7136016,0.4048718,-0.864
S669_tr_r,-2.1892033,0.40521017,-1.981
S669_tr_r,-0.82277566,0.404915,-0.693
S669_tr_r,-1.806664,0.4050004,-3.803
S669_tr_r,-0.1368648,0.40491414,1.078
S669_tr_r,-2.1986358,0.40517694,-3.405
S669_tr_r,-1.9989134,0.40509498,-1.963
S669_tr_r,-1.0209326,0.4049233,-2.149
S669_tr_r,-0.4684812,0.4048904,-0.863
S669_tr_r,-1.1072395,0.40491164,0.283
S669_tr_r,-1.0190576,0.40489313,-0.912
S669_tr_r,-0.28950533,0.40493128,-0.08
S669_tr_r,-1.8013726,0.40510762,-1.759
S669_tr_r,-1.6329528,0.40498522,-0.043
S669_tr_r,-1.5094523,0.4049673,-0.337
S669_tr_r,-2.1325185,0.40512916,-3.46
S669_tr_r,-0.18402094,0.40489382,-0.706
S669_tr_r,-0.80065364,0.40489012,-1.951
S669_tr_r,-0.5472125,0.4049011,-0.493
S669_tr_r,-0.027766215,0.40488335,0.021
S669_tr_r,0.18110698,0.4048748,-0.101
S669_tr_r,-0.44839033,0.40492696,-0.591
S669_tr_r,-2.4825077,0.40569326,-3.274
S669_tr_r,-1.5866047,0.4049573,-1.299
S669_tr_r,-1.0668958,0.40489644,-0.771
S669_tr_r,-0.46412063,0.40492955,-0.327
S669_tr_r,-1.7623787,0.4050163,-2.593
S669_tr_r,-0.08133007,0.40488392,-0.855
S669_tr_r,-1.7977943,0.4051837,-2.534
S669_tr_r,-0.24571007,0.4048666,-1.6
S669_tr_r,-0.39149135,0.40491128,-1.936
S669_tr_r,-0.54105484,0.40489992,-2.581
S669_tr_r,-1.3460836,0.40500715,-2.09
S669_tr_r,-1.5616369,0.40498224,-1.99
S669_tr_r,-0.17861173,0.40490144,0.4
S669_tr_r,-0.39583537,0.4048794,0.6
S669_tr_r,-2.1672559,0.40511557,-3.3
S669_tr_r,-1.6344918,0.40500575,-5.0
S669_tr_r,-0.04473542,0.40485585,1.4
S669_tr_r,-0.62425244,0.4048666,0.5
S669_tr_r,-1.4006325,0.4049336,-2.5
S669_tr_r,-1.5456562,0.40495512,-1.9
S669_tr_r,0.6009261,0.4048918,4.299
S669_tr_r,-0.45505917,0.40492278,0.1
S669_tr_r,-0.37570757,0.40491563,0.1
S669_tr_r,-0.29644588,0.40488717,0.8
S669_tr_r,-0.5377231,0.40488765,-0.1
S669_tr_r,-0.03152665,0.4048839,0.7
S669_tr_r,-0.19384821,0.4048846,-0.1
S669_tr_r,-0.020081937,0.40487826,-1.44
S669_tr_r,-0.3096609,0.40491045,-2.304
S669_tr_r,-0.22520947,0.4048905,-2.302
S669_tr_r,-0.05448998,0.40486887,-1.162
S669_tr_r,-1.6222239,0.40497732,-1.697
S669_tr_r,-1.0069946,0.40489358,-0.55
S669_tr_r,-1.6636755,0.4049985,-1.482
S669_tr_r,0.9510897,0.4049438,1.4
S669_tr_r,-0.06709227,0.40487522,0.43
S669_tr_r,0.10876097,0.40485603,-0.0
S669_tr_r,-0.17520656,0.40488932,0.6
S669_tr_r,0.25543144,0.40486646,-0.0
S669_tr_r,-1.9213502,0.40505227,-1.4
S669_tr_r,-1.0521123,0.40489894,-2.5
S669_tr_r,-0.8086261,0.4049211,1.4
S669_tr_r,-0.2755011,0.40485778,0.1
S669_tr_r,-1.6440873,0.40500477,-3.24
S669_tr_r,-2.1475036,0.4051637,-3.73
S669_tr_r,-2.3847404,0.40535644,-2.82
S669_tr_r,-1.350339,0.405018,-2.83
S669_tr_r,-0.6235627,0.40489492,0.06
S669_tr_r,-1.5995383,0.40496755,-4.61
S669_tr_r,-1.2951908,0.4049436,-3.1
S669_tr_r,-1.7913926,0.40502065,-2.82
S669_tr_r,-1.5208502,0.40495276,-1.94
S669_tr_r,-0.5944751,0.40488204,-1.11
S669_tr_r,-1.071706,0.40502036,-1.52
S669_tr_r,-0.92651695,0.4048853,-1.52
S669_tr_r,-2.0528724,0.4051536,-2.35
S669_tr_r,-1.3548453,0.4050612,-2.79
S669_tr_r,-2.1927109,0.4052107,-1.39
S669_tr_r,-0.7620927,0.40487698,-1.39
S669_tr_r,-2.2397766,0.40521482,-2.84
S669_tr_r,-0.45078835,0.40493128,-1.9
S669_tr_r,-0.2471768,0.40488666,-0.88
S669_tr_r,-0.097539864,0.40489978,-3.3
S669_tr_r,-0.6722548,0.40495998,-1.2
S669_tr_r,-0.022093652,0.4049068,-0.3
S669_tr_r,-0.48705414,0.4049186,0.3
S669_tr_r,-0.76081705,0.40490937,-1.2
S669_tr_r,0.20973721,0.40485817,-1.2
S669_tr_r,-0.3885339,0.4049097,-1.98
S669_tr_r,-1.3601172,0.40494347,-0.97
S669_tr_r,-1.9244814,0.40502825,-2.78
S669_tr_r,0.08901628,0.40487322,-0.08
S669_tr_r,-1.5757194,0.40503255,-1.31
S669_tr_r,-1.921209,0.40505067,-1.1
S669_tr_r,-2.0430238,0.4050665,-1.08
S669_tr_r,-0.19702715,0.40486497,-1.1
S669_tr_r,-0.077132024,0.40488163,-0.49
S669_tr_r,-0.95400435,0.40489045,-1.31
S669_tr_r,-0.31367916,0.40489584,-0.61
S669_tr_r,-0.5175411,0.4048623,-0.43
S669_tr_r,-0.14558299,0.40487468,-1.2
S669_tr_r,-1.9682577,0.4050773,-1.4
S669_tr_r,0.13203572,0.40491447,0.36
S669_tr_r,-0.5088593,0.4048635,0.42
S669_tr_r,-0.46275708,0.4048796,-1.42
S669_tr_r,-1.0960208,0.40490085,-1.88
S669_tr_r,-1.4419312,0.40494487,-0.98
S669_tr_r,-0.20622154,0.40489584,-0.3
S669_tr_r,0.031952154,0.40485555,-0.78
S669_tr_r,-1.3478527,0.40493372,-2.25
S669_tr_r,0.044411015,0.40486827,0.39
S669_tr_r,-0.42220667,0.40487596,-0.05
S669_tr_r,-1.0238166,0.40495634,-1.96
S669_tr_r,-0.9211574,0.40488523,-3.53
S669_tr_r,-0.092304416,0.40490374,1.82
S669_tr_r,0.408125,0.40487322,0.07
S669_tr_r,-1.9472617,0.4050481,-1.53
S669_tr_r,-2.0249145,0.40505433,-2.4
S669_tr_r,-0.6433736,0.40487677,0.03
S669_tr_r,-0.2755731,0.40488186,0.19
S669_tr_r,0.070599094,0.40486833,0.06
S669_tr_r,-1.7492799,0.4049882,-0.3
S669_tr_r,-0.917067,0.40490392,-0.4
S669_tr_r,-0.2663617,0.40489385,-0.17
S669_tr_r,-0.82790613,0.40490094,0.11
S669_tr_r,-1.1303636,0.40495402,-4.2
S669_tr_r,-0.8297297,0.40494597,-0.13
S669_tr_r,-1.4745563,0.40495297,-2.81
S669_tr_r,-1.222715,0.40492904,-0.24
S669_tr_r,-1.5798364,0.40496385,-6.84
S669_tr_r,0.20808461,0.4048602,0.8
S669_tr_r,-0.48998073,0.40486357,0.1
S669_tr_r,-0.8568646,0.40493104,-6.49
S669_tr_r,-0.110681556,0.40486288,-5.22
S669_tr_r,-1.1190802,0.40493932,-3.48
S669_tr_r,-0.39120543,0.40492955,-4.02
S669_tr_r,-0.3204189,0.4049097,-2.21
S669_tr_r,0.0618831,0.40489304,-4.1
S669_tr_r,-0.21214706,0.40490884,-3.38
S669_tr_r,-0.052763876,0.40487674,-2.9
S669_tr_r,-0.12463374,0.40489477,-4.59
S669_tr_r,-0.019689595,0.40486634,-3.22
S669_tr_r,-1.2614557,0.40492117,-3.3
S669_tr_r,-0.87750024,0.40489545,-0.645
S669_tr_r,-0.13596465,0.40488535,0.239
S669_tr_r,0.040506516,0.4048754,0.358
S669_tr_r,-0.14724752,0.4048899,-0.86
S669_tr_r,-0.7820099,0.404888,-0.645
S669_tr_r,-0.18325175,0.40490043,2.87
S669_tr_r,-0.46514916,0.40486693,-2.89
S669_tr_r,-1.6468853,0.40498358,-8.93
S669_tr_r,-0.22054699,0.4048836,-4.25
S669_tr_r,-0.091024905,0.40490186,-0.717
S669_tr_r,-2.6825051,0.408404,-4.493
S669_tr_r,-2.6862535,0.40886357,-4.517
S669_tr_r,-1.7067318,0.40500385,-2.103
S669_tr_r,-1.3688242,0.40494946,-0.012
S669_tr_r,-1.6937864,0.40501136,-1.233
S669_tr_r,-1.2308308,0.40494612,-2.629
S669_tr_r,0.1534789,0.40486503,-1.912
S669_tr_r,0.07170556,0.40486905,0.12
S669_tr_r,0.44469807,0.4048698,2.605
S669_tr_r,-0.6037379,0.4049003,0.89
S669_tr_r,0.53502446,0.40490368,-0.02
S669_tr_r,-0.13062103,0.40487242,1.07
S669_tr_r,-1.1117939,0.40491337,-1.74
S669_tr_r,-0.11361677,0.40488788,0.47
S669_tr_r,-0.025287822,0.4048712,0.13
S669_tr_r,0.06529212,0.4048614,0.61
S669_tr_r,-0.18169451,0.40487513,0.03
S669_tr_r,0.8957847,0.40490133,1.8
S669_tr_r,-0.37686557,0.404919,-0.73
S669_tr_r,-0.90817535,0.40490976,-1.3
S669_tr_r,-0.36157265,0.4049141,-0.34
S669_tr_r,-0.65392,0.4049176,-0.44
S669_tr_r,-2.4454992,0.40550503,-2.55
S669_tr_r,-2.3582466,0.40529212,-2.76
S669_tr_r,-1.1030902,0.40492505,-1.21
S669_tr_r,-1.8604175,0.40505147,-1.73
S669_tr_r,-1.0169269,0.4049101,-0.84
S669_tr_r,-1.3958089,0.40500033,-3.1
S669_tr_r,-0.39031345,0.40489382,-1.46
S669_tr_r,-0.1474571,0.40486142,-0.8
S669_tr_r,-1.6749662,0.4049767,-2.33
S669_tr_r,-1.8588117,0.40502226,-1.81
S669_tr_r,-1.1454892,0.40491986,-0.59
S669_tr_r,-0.19205216,0.4049017,0.21
S669_tr_r,0.093842536,0.4048554,0.09
S669_tr_r,-0.16940007,0.40487507,-0.68
S669_tr_r,-0.3002527,0.40485644,-0.07
S669_tr_r,-0.25062913,0.4048871,-0.32
S669_tr_r,-1.4788057,0.40499085,-1.79
S669_tr_r,-1.3195918,0.40498045,-1.55
S669_tr_r,-1.9039404,0.40505242,-1.59
S669_tr_r,-0.17985651,0.40485644,-0.33
S669_tr_r,-0.18576962,0.40486112,-0.22
S669_tr_r,-0.0031071976,0.40487772,-0.03
S669_tr_r,-0.120521374,0.4048845,-0.79
S669_tr_r,-1.3058785,0.4049544,-1.3
S669_tr_r,-0.63602924,0.40487194,-0.38
S669_tr_r,-0.7383692,0.4048725,-0.55
S669_tr_r,-0.4521191,0.40486237,-0.33
S669_tr_r,-0.1962724,0.40488234,-0.41
S669_tr_r,-0.88743454,0.40488303,-1.28
S669_tr_r,-0.034279022,0.4048627,0.07
S669_tr_r,-1.3315316,0.40493014,-2.84
S669_tr_r,-0.5261062,0.4049033,-1.15
S669_tr_r,0.04360709,0.4048811,0.02
S669_tr_r,-0.96120596,0.40501165,-1.02
S669_tr_r,-2.1993022,0.40515453,-2.05
S669_tr_r,-0.82229835,0.40488,-1.69
S669_tr_r,0.4304954,0.40492016,0.92
S669_tr_r,0.263409,0.40487865,-1.454
S669_tr_r,0.38732094,0.40487257,0.951
S669_tr_r,0.0457486,0.40485895,-1.246
S669_tr_r,0.6801686,0.4049712,0.143
S669_tr_r,-1.2603517,0.40491602,0.213
S669_tr_r,0.022634907,0.40485522,-0.166
S669_tr_r,0.785537,0.40499023,-0.209
S669_tr_r,-0.30076653,0.40494004,-0.994
S669_tr_r,-0.7152759,0.4048799,-1.463
S669_tr_r,-0.050567452,0.40489748,3.189
S669_tr_r,-0.35451543,0.40491873,-3.443
S669_tr_r,0.48188707,0.40490097,2.19
S669_tr_r,0.5583833,0.40493768,1.06
S669_tr_r,-0.69391304,0.404981,-1.159
S669_tr_r,0.11476377,0.40489507,-2.664
S669_tr_r,-0.34409764,0.4049268,-2.573
S669_tr_r,-0.273716,0.40493008,-0.95
S669_tr_r,-1.1831981,0.40491813,-0.36
S669_tr_r,-1.6755462,0.40497756,2.615
S669_tr_r,0.2228144,0.4048606,0.599
S669_tr_r,0.38450846,0.40493017,0.464
S669_tr_r,-1.3710524,0.40501252,1.072
S669_tr_r,-0.5102666,0.404928,-2.961
S669_tr_r,-0.4299689,0.40496328,-0.017
S669_tr_r,-0.43636736,0.40495,0.336
S669_tr_r,1.0188704,0.40503827,5.73
S669_tr_r,-0.2923446,0.40495417,2.997
S669_tr_r,-0.5084907,0.40494856,2.581
S669_tr_r,0.19424523,0.40485874,-2.075
S669_tr_r,0.5838512,0.40492353,4.247
S669_tr_r,-0.020942047,0.40488228,-4.36
S669_tr_r,0.17044261,0.40486833,-1.515
S669_tr_r,0.33337206,0.4049218,0.825
S669_tr_r,0.1955812,0.4049008,-0.909
S669_tr_r,-0.07159595,0.4048796,0.87
S669_tr_r,-0.21112652,0.40494436,-0.165
S669_tr_r,0.6008311,0.4048715,1.536
S669_tr_r,-0.38560867,0.4049095,1.241
S669_tr_r,-0.44876042,0.40488794,0.974
S669_tr_r,-0.25863212,0.40492138,-0.79
S669_tr_r,-0.021554934,0.4048597,-1.853
S669_tr_r,-1.1361266,0.40495753,-4.098
S669_tr_r,-0.46159616,0.40495077,-1.298
S669_tr_r,-1.2325429,0.4050705,-3.397
S669_tr_r,-0.65963864,0.4049406,-2.964
S669_tr_r,0.2668326,0.40492117,-0.671
S669_tr_r,-0.0009977757,0.4049142,3.462
S669_tr_r,0.74960375,0.40496498,2.583
S669_tr_r,0.26628405,0.4049272,3.976
S669_tr_r,-0.061829004,0.4049308,-2.25
S669_tr_r,-1.6605095,0.4049964,-0.71
S669_tr_r,-1.0742843,0.40494397,-1.75
S669_tr_r,-2.1765726,0.40515077,-2.54
S669_tr_r,-0.3605337,0.4049282,1.2
S669_tr_r,-0.46812192,0.4049022,1.9
S669_tr_r,-0.3859862,0.4049469,-0.8
S669_tr_r,-0.41464293,0.4049046,1.5
S669_tr_r,-0.8998398,0.4049469,1.0
S669_tr_r,-0.32707885,0.40488738,1.4
S669_tr_r,-0.45139086,0.40489304,1.0
S669_tr_r,-0.6909025,0.40489632,1.0
S669_tr_r,-0.67087084,0.4049413,0.2
S669_tr_r,0.32677054,0.4048613,1.26
S669_tr_r,0.15371406,0.4048652,-0.23
S669_tr_r,-1.2085619,0.40491176,1.79
S669_tr_r,-0.7434251,0.40487337,-0.36
S669_tr_r,0.092332795,0.40485904,-1.1
S669_tr_r,-0.36818185,0.40490016,-3.34
S669_tr_r,-2.4742062,0.40561923,-3.11
S669_tr_r,-2.2430418,0.4051998,-1.57
S669_tr_r,-1.7799697,0.40502605,-4.0
S669_tr_r,-1.091675,0.40494832,-2.0
S669_tr_r,-0.7406971,0.4049085,-0.24
S669_tr_r,-0.3350032,0.40492105,0.62
S669_tr_r,-0.049526017,0.40486968,2.08
S669_tr_r,-0.7383431,0.40488726,-0.6
S669_tr_r,-0.7016453,0.40487075,-2.0
S669_tr_r,-0.43027836,0.40487838,-2.3
S669_tr_r,-0.23084466,0.40489078,0.44
S669_tr_r,-0.08153728,0.40486607,0.2
S669_tr_r,-0.13091052,0.40485552,1.4
S669_tr_r,-0.59634084,0.40491152,-0.5
S669_tr_r,-0.91012305,0.40488592,-0.2
S669_tr_r,-0.27337104,0.40486518,-0.7
S669_tr_r,0.26674685,0.40488538,0.5
S669_tr_r,0.058655545,0.40485892,0.4
S669_tr_r,0.8245671,0.40493008,2.6
S669_tr_r,1.3614204,0.40507394,0.3
S669_tr_r,0.37737378,0.40487045,0.8
S669_tr_r,0.41470805,0.40487388,0.9
S669_tr_r,0.055509504,0.4048674,2.9
S669_tr_r,-0.40137187,0.4049009,1.2
S669_tr_r,-0.11895495,0.4048776,0.3
S669_tr_r,-1.4252192,0.40496218,-0.4
S669_tr_r,0.050501388,0.40486473,0.5
S669_tr_r,0.7116548,0.40490848,1.1
S669_tr_r,-0.61826485,0.40494847,-0.34
S669_tr_r,-1.672643,0.40503255,-1.78
S669_tr_r,-0.937969,0.40494332,-1.87
S669_tr_r,-2.1387117,0.4051281,-3.77
S669_tr_r,-1.6681192,0.40500313,-2.44
S669_tr_r,-0.24713005,0.4048578,0.43
S669_tr_r,-0.047749963,0.40485913,0.58
S669_tr_r,0.08017007,0.40488413,-0.09
S669_tr_r,-0.10210894,0.40489116,0.35
S669_tr_r,-0.55420417,0.404887,0.16
S669_tr_r,-0.5616636,0.40491697,-0.88
S669_tr_r,-1.103483,0.4049204,-0.92
S669_tr_r,-0.76938105,0.40493837,-1.73
S669_tr_r,-1.1079938,0.40493605,-0.45
S669_tr_r,-0.32794648,0.40492353,-0.3
S669_tr_r,-1.0274588,0.4048934,-1.69
S669_tr_r,-0.7425316,0.40489107,-0.82
S669_tr_r,-1.2695478,0.40497607,-1.66
S669_tr_r,-2.2139502,0.40514514,-2.46
S669_tr_r,-1.4750953,0.40495786,-2.82
S669_tr_r,-0.91056836,0.404918,-1.14
S669_tr_r,-1.4615668,0.40495324,-0.92
S669_tr_r,-1.6388842,0.40499982,-1.22
S669_tr_r,0.14813533,0.40485895,0.41
S669_tr_r,-1.05937,0.40492126,-1.83
S669_tr_r,-0.43180507,0.40487197,-0.17
S669_tr_r,-1.0396082,0.4049111,-1.09
S669_tr_r,-0.88222,0.40492395,-1.25
S669_tr_r,-0.96108896,0.4049102,-1.11
S669_tr_r,-0.66940194,0.40491164,-1.17
S669_tr_r,-1.2110102,0.40492377,-1.63
S669_tr_r,-0.51437193,0.4049124,-0.97
S669_tr_r,-1.7090533,0.40500948,-4.72
S669_tr_r,-1.9798156,0.405064,-3.12
S669_tr_r,-1.3978107,0.40499577,-1.37
S669_tr_r,-0.52321196,0.40493298,-0.59
S669_tr_r,-0.071198545,0.40489772,-0.2
S669_tr_r,-0.96384853,0.4049075,-2.14
S669_tr_r,-0.18375438,0.40488914,-1.21
S669_tr_r,0.15039636,0.40486678,-0.49
S669_tr_r,-1.7232078,0.40499657,-3.12
S669_tr_r,-1.1122489,0.40490958,-1.19
S669_tr_r,-1.9454068,0.40507212,-3.1
S669_tr_r,0.75103474,0.40491784,1.47
S669_tr_r,-0.9516368,0.40489095,-2.17
S669_tr_r,-0.43362704,0.4048939,-0.83
S669_tr_r,-0.40951198,0.40488553,0.1
S669_tr_r,-1.8124727,0.4050244,-2.43
S669_tr_r,-0.09548844,0.4048829,-0.47
S669_tr_r,-1.8543061,0.4050196,-2.54
S669_tr_r,-0.18390231,0.40488335,-1.08
S669_tr_r,-0.53659225,0.40488142,-1.32
S669_tr_r,-1.9133652,0.40502718,-3.12
S669_tr_r,-1.9475932,0.40506962,-4.9
S669_tr_r,-0.8487884,0.4048799,-2.04
S669_tr_r,-0.61664605,0.40490273,-2.23
S669_tr_r,-1.5082695,0.40499157,-2.08
S669_tr_r,-1.7326609,0.4050403,-2.53
S669_tr_r,-1.378514,0.4050438,-1.52
S669_tr_r,-1.6306518,0.40503934,-3.73
S669_tr_r,-1.6129823,0.40504172,-3.34
S669_tr_r,-0.45016924,0.40487233,-0.38
S669_tr_r,-1.9180992,0.4050214,-3.08
S669_tr_r,-1.6512363,0.40497896,-3.12
S669_tr_r,-2.026406,0.40506,-4.15
S669_tr_r,-1.2210754,0.40491852,-0.68
S669_tr_r,-0.6830091,0.40488392,-0.56
S669_tr_r,-0.1450255,0.40490195,-0.23
S669_tr_r,0.56334203,0.40488982,0.39
S669_tr_r,0.5795503,0.40487155,1.05
S669_tr_r,-0.29496977,0.4049487,-5.975
S669_tr_r,-0.4305961,0.40494317,-6.597
S669_tr_r,-0.44558346,0.40493518,-0.5
S669_tr_r,-0.20699832,0.40490142,0.1
S669_tr_r,0.16219983,0.4048642,0.4
S669_tr_r,-0.8287151,0.40490508,-2.0
S669_tr_r,-1.4108354,0.40497053,-0.7
S669_tr_r,-0.8612057,0.40497357,-0.1
S669_tr_r,-0.17027013,0.40489855,0.1
S669_tr_r,-0.31298417,0.40488765,-0.2
S669_tr_r,-0.18168731,0.40489796,0.1
S669_tr_r,-0.16667268,0.40488216,-0.6
S669_tr_r,-1.2472959,0.404996,-0.8
S669_tr_r,-0.38023868,0.40489644,0.1
S669_tr_r,-1.3491185,0.4049516,-2.4
S669_tr_r,-0.13701117,0.40490147,-0.6
S669_tr_r,-0.958651,0.4049279,-2.6
S669_tr_r,-1.6443235,0.40500948,-1.3
S669_tr_r,-1.9648447,0.40513128,-2.0
S669_tr_r,-0.031053878,0.40488702,0.3
S669_tr_r,1.3296041,0.40511897,0.1
S669_tr_r,-1.0409585,0.4049579,-2.2
S669_tr_r,-0.456205,0.40489942,-0.1
S669_tr_r,-0.88363516,0.40490204,-0.9
S669_tr_r,-0.5402099,0.40489522,-0.4
S669_tr_r,-0.8571541,0.40494305,-0.4
S669_tr_r,-1.4667879,0.40495935,-1.9
S669_tr_r,-0.11073058,0.4048914,-0.3
S669_tr_r,-0.77389425,0.40495667,-0.6
S669_tr_r,-2.3631122,0.40533504,-0.5
S669_tr_r,-0.3525571,0.40486506,-0.3
S669_tr_r,-0.3489364,0.40491986,-0.06
S669_tr_r,-0.8108698,0.40493122,-1.66
S669_tr_r,-0.63137186,0.404922,-0.39
S669_tr_r,-0.74648327,0.40493447,-0.91
S669_tr_r,-0.40729523,0.4048663,-0.74
S669_tr_r,-0.72673476,0.4048946,-1.83
S669_tr_r,-0.56908405,0.40490454,0.2
S669_tr_r,-0.69989705,0.40492198,-0.41
S669_tr_r,-0.13283055,0.40486708,1.369
S669_tr_r,0.037489574,0.404857,-1.137
S669_tr_r,-0.9520202,0.4048892,-1.506
S669_tr_r,-0.06919659,0.40489483,0.25
S669_tr_r,-0.24013117,0.40490976,0.47
S669_tr_r,-0.72118974,0.4048853,1.05
S669_tr_r,-0.1499899,0.40489706,0.24
S669_tr_r,-0.8757301,0.40495095,-0.43
S669_tr_r,-0.09110267,0.4048887,0.37
S669_tr_r,-1.3987092,0.4049392,0.12
S669_tr_r,-1.2431257,0.40491617,0.88
S669_tr_r,-1.9793335,0.4050439,0.43
S669_tr_r,-1.2492644,0.4049372,0.04
S669_tr_r,-1.4289358,0.4049517,1.46
S669_tr_r,-0.91558397,0.40488535,1.11
S669_tr_r,0.06594608,0.40486005,3.02
S669_tr_r,0.14357775,0.40485716,3.34
S669_tr_r,0.06195174,0.4048585,2.11
S669_tr_r,0.14547,0.4048812,-0.65
S669_tr_r,0.04748907,0.40486357,-0.6
S669_tr_r,0.059116486,0.40487698,-1.6
S669_tr_r,0.55371255,0.40491533,-1.34
S669_tr_r,0.1454622,0.40490255,-1.41
S669_tr_r,-0.37503284,0.40485874,-0.5
S669_tr_r,-0.58932614,0.40489405,-2.0
S669_tr_r,-1.2112561,0.40493643,-1.9
S669_tr_r,-0.24787328,0.40486053,-0.6
S669_tr_r,-1.5722705,0.40495315,-1.2
S669_tr_r,-1.1737543,0.40490824,-0.2
S669_tr_r,-2.1763477,0.40513614,-2.8
S669_tr_r,-1.4197932,0.40493503,-1.0
S669_tr_r,-2.1166584,0.40509748,-1.5
S669_tr_r,-1.7234653,0.40498343,-2.0
S669_tr_r,-2.5857885,0.40606344,-4.1
S669_tr_r,-1.146847,0.4049139,-1.2
S669_tr_r,-0.47995564,0.40486816,-2.0
S669_tr_r,-0.6451854,0.40488887,-0.7
S669_tr_r,-2.0953083,0.40518337,-2.7
S669_tr_r,-1.9895811,0.40505016,-3.2
S669_tr_r,-1.050911,0.40494612,-1.4
S669_tr_r,-0.24248278,0.4048814,-0.2
S669_tr_r,-1.9480464,0.4050974,-2.3
S669_tr_r,-0.5809471,0.40486616,-0.9
S669_tr_r,-0.40139857,0.4048692,-0.3
S669_tr_r,-1.363279,0.4049312,-2.1
S669_tr_r,-0.48418045,0.40486133,-0.9
S669_tr_r,-1.8612418,0.40501013,-1.7
S669_tr_r,-0.8134811,0.40489545,-2.3
S669_tr_r,-1.8499062,0.40501025,-3.7
S669_tr_r,-0.45530805,0.4048649,-1.9
S669_tr_r,-0.4944822,0.40491712,-0.7
S669_tr_r,-0.3687709,0.40487915,-0.4
S669_tr_r,-0.73180574,0.4049724,-0.7
S669_tr_r,-1.2903905,0.40496802,-2.0
S669_tr_r,-0.854651,0.40492454,0.8
S669_tr_r,-1.1939883,0.40494233,-0.5
S669_tr_r,-0.89927447,0.40489632,1.32
S669_tr_r,-0.8164066,0.40487748,-0.17
S669_tr_r,0.06212161,0.40488198,0.34
S669_tr_r,-0.98588675,0.40492088,-0.74
S669_tr_r,-0.65753555,0.40489426,-3.35
S669_tr_r,-0.28634074,0.40488794,-1.68
S669_tr_r,-0.16142428,0.4048834,5.49
S669_tr_r,-1.6456707,0.4049723,-3.23
S669_tr_r,-0.29921994,0.40488422,1.194
S669_tr_r,-0.27831778,0.404885,-2.866
S669_tr_r,-0.35846677,0.40488702,-0.05
S669_tr_r,0.63191956,0.40491575,-2.0
S669_tr_r,-2.4785867,0.40560094,-3.25
S669_tr_r,-0.43103516,0.40485963,-1.64
S669_tr_r,-1.3777345,0.40493453,-1.81
S669_tr_r,-0.100388646,0.40487054,-0.58
S669_tr_r,-0.3943662,0.4048896,-1.3
S669_tr_r,-1.1017264,0.4049674,-2.5
S669_tr_r,-1.4271669,0.40495685,0.096
S669_tr_r,-0.3218868,0.40488952,-0.693
S669_tr_r,-1.4440408,0.40503332,2.03
S669_tr_r,-0.25911063,0.40487012,0.99
S669_tr_r,-0.51988137,0.40491235,0.89
S669_tr_r,-0.3314311,0.4049114,-1.435
S669_tr_r,-0.07394267,0.4048785,-0.24
S669_tr_r,-0.18427196,0.404885,0.06
S669_tr_r,-0.102389544,0.4048849,-0.46
S669_tr_r,-0.40760204,0.4048976,1.745
S669_tr_r,-0.017219707,0.4048899,0.574
S669_tr_r,-0.10127481,0.4048766,-1.362
S669_tr_r,-0.032447632,0.40490496,0.1
S669_tr_r,-0.07904334,0.40490124,-2.07
S669_tr_r,-0.23341286,0.40492368,-0.44
S669_tr_r,-0.66815853,0.4048688,-0.71
S669_tr_r,0.2416544,0.40485856,-0.93
S669_tr_r,0.18788373,0.40489087,-1.44
S669_tr_r,-0.6881716,0.4049672,-1.44
S669_tr_r,-2.0508256,0.40507045,-2.99
S669_tr_r,-1.1097683,0.40491048,-0.378
S669_tr_r,-0.51829845,0.40490493,0.413
S669_tr_r,-0.38381058,0.40487733,0.354
